round,strategy,fl_scale,c_loss,c_accuracy,c_recall,c_precision,c_f1_score,d_accuracy,d_recall,d_precision,d_f1_score
1,Central,0.0,2.2973944597606417,0.1174,0.031066285057989168,0.11740000000000002,0.046748242357328676,0.0,,,
2,Central,0.0,2.2749381005009517,0.1579,0.12549606438358873,0.1579,0.09863426597371779,0.0,,,
3,Central,0.0,2.169341449496112,0.1921,0.1324979176388657,0.1921,0.11543659963844392,0.0,,,
4,Central,0.0,2.0699144632001465,0.2319,0.19039905656277706,0.2319,0.17269455155309021,0.0,,,
5,Central,0.0,2.0185275304166574,0.2581,0.2584698375138995,0.2581,0.2165530275250322,0.0,,,
6,Central,0.0,1.9741178419016585,0.269,0.2565958387000904,0.269,0.21722642376249773,0.0,,,
7,Central,0.0,1.9228873358497136,0.2933,0.29692784203492867,0.2933,0.2653042055743434,0.0,,,
8,Central,0.0,1.8641773960258388,0.3023,0.29215123931379655,0.30229999999999996,0.25532681015386566,0.0,,,
9,Central,0.0,1.81510459924046,0.3206,0.3949288750046585,0.32060000000000005,0.27470813417004136,0.0,,,
10,Central,0.0,1.8036941486068918,0.3345,0.3322131923437862,0.33449999999999996,0.30353112720762565,0.0,,,
11,Central,0.0,1.737782588487939,0.3502,0.3614771039787078,0.35019999999999996,0.2994438739438033,0.0,,,
12,Central,0.0,1.7369852081129822,0.3613,0.40090056338554836,0.36129999999999995,0.33796400595187065,0.0,,,
13,Central,0.0,1.9477484618561178,0.3224,0.3586000511846702,0.3224,0.27449571741462514,0.0,,,
14,Central,0.0,1.690345607226408,0.3887,0.39224966850498466,0.38870000000000005,0.3602395109684493,0.0,,,
15,Central,0.0,1.733787939518313,0.3446,0.4222740224851633,0.34459999999999996,0.32118284399321473,0.0,,,
16,Central,0.0,1.6049880830547478,0.4048,0.39769194336766167,0.4048,0.3818358504253073,0.0,,,
17,Central,0.0,1.6151135888280748,0.4053,0.4118518320145932,0.4053,0.3687971468258204,0.0,,,
18,Central,0.0,1.6188324825673164,0.4052,0.4097147220026449,0.40519999999999995,0.3827201471083579,0.0,,,
19,Central,0.0,1.6994348839868474,0.3805,0.4010333117027282,0.38049999999999995,0.3612803542880761,0.0,,,
20,Central,0.0,1.6622586537011061,0.385,0.4236399172623533,0.385,0.37423628217057237,0.0,,,
21,Central,0.0,1.6480498600609694,0.3835,0.45270734629257775,0.3835,0.353828188553435,0.0,,,
22,Central,0.0,1.5407977662509,0.4351,0.4327594042618391,0.4351,0.4149727284111743,0.0,,,
23,Central,0.0,1.5521510522576827,0.4241,0.4461997078192105,0.4241,0.40989683014858713,0.0,,,
24,Central,0.0,1.584379817866072,0.4042,0.457375656155729,0.4042,0.37860729213026084,0.0,,,
25,Central,0.0,1.5739981464192838,0.428,0.4735561222548701,0.42800000000000005,0.4250630933752064,0.0,,,
26,Central,0.0,1.5782623336284975,0.4064,0.45049262040243787,0.40639999999999993,0.37512637992714776,0.0,,,
27,Central,0.0,1.5206098782865307,0.449,0.4606673415370987,0.449,0.4397813982714954,0.0,,,
28,Central,0.0,1.509355772899676,0.4299,0.4517640169476982,0.42989999999999995,0.39918593036311767,0.0,,,
29,Central,0.0,1.6123358916632737,0.4156,0.4590424546683719,0.41559999999999997,0.39137947070236867,0.0,,,
30,Central,0.0,1.5150858918322792,0.4527,0.46928547910176616,0.4527,0.43089816759718724,0.0,,,
31,Central,0.0,1.4487930491000791,0.4766,0.4813046483313901,0.4766,0.4698804105052109,0.0,,,
32,Central,0.0,1.5343861308278917,0.4431,0.47340588299304825,0.4431,0.43740768249010636,0.0,,,
33,Central,0.0,1.4652439129503467,0.4733,0.48978410848317167,0.47329999999999994,0.47180503030321647,0.0,,,
34,Central,0.0,1.469327458852454,0.4736,0.49601767865388524,0.47359999999999997,0.4518537294107149,0.0,,,
35,Central,0.0,1.466838841196857,0.4608,0.4827806200103593,0.46080000000000004,0.4409232393329724,0.0,,,
36,Central,0.0,1.3940201711051072,0.4985,0.5006929615797806,0.49850000000000005,0.49004033918472123,0.0,,,
37,Central,0.0,1.4447547604766073,0.4804,0.4941377308406333,0.48040000000000005,0.4699876955308463,0.0,,,
38,Central,0.0,1.7435925957522815,0.3743,0.48767948881954376,0.37429999999999997,0.3610890397260624,0.0,,,
39,Central,0.0,1.3681839719603333,0.5105,0.5097936968354774,0.5105000000000001,0.4960553751797153,0.0,,,
40,Central,0.0,1.528137960011446,0.4674,0.5074943874655566,0.46740000000000004,0.46923264212300647,0.0,,,
41,Central,0.0,1.6082914041567453,0.4103,0.5090500419212535,0.41030000000000005,0.3941528570882112,0.0,,,
42,Central,0.0,1.4229953621007219,0.4884,0.5155763229871322,0.48840000000000006,0.4876954685829748,0.0,,,
43,Central,0.0,1.5093418872809108,0.4604,0.4884376330403247,0.4603999999999999,0.44228232825163627,0.0,,,
44,Central,0.0,1.4049638902084738,0.4979,0.5117086160430565,0.4979,0.49545258962027117,0.0,,,
45,Central,0.0,1.6014941342269318,0.4355,0.5250812015796263,0.43550000000000005,0.4372755860137151,0.0,,,
46,Central,0.0,1.4583106931251815,0.4784,0.51112709150213,0.4784,0.46292879148322896,0.0,,,
47,Central,0.0,1.3719935824599447,0.5061,0.5272951170570822,0.5061000000000001,0.4982276140068918,0.0,,,
48,Central,0.0,1.3316526307335383,0.5227,0.5336344658726402,0.5227,0.5108438117308923,0.0,,,
49,Central,0.0,1.408668097061447,0.4933,0.5379946848746491,0.49329999999999996,0.48419802175599214,0.0,,,
50,Central,0.0,1.3241388873208928,0.526,0.5244587116257118,0.526,0.5211310802721093,0.0,,,
51,Central,0.0,1.4771402380134486,0.4669,0.5106777792381323,0.4669,0.44011506843313997,0.0,,,
52,Central,0.0,1.3001597493509702,0.5309,0.5420187605512876,0.5309,0.523652765664955,0.0,,,
53,Central,0.0,1.5627604240103612,0.4473,0.49818916223777415,0.4473,0.4366572151548464,0.0,,,
54,Central,0.0,1.3492601521407501,0.5144,0.5302773193684126,0.5144,0.5060133968482518,0.0,,,
55,Central,0.0,1.3189775958845886,0.5243,0.5413971517627085,0.5243,0.5230661773713596,0.0,,,
56,Central,0.0,1.3919473614873765,0.493,0.5422308265400957,0.493,0.48639951856222474,0.0,,,
57,Central,0.0,1.3884126989147332,0.5058,0.5367177379770134,0.5058,0.4937118528125615,0.0,,,
58,Central,0.0,1.4699286086649834,0.4806,0.5362596425221595,0.4806,0.48257565361828786,0.0,,,
59,Central,0.0,1.372022521646717,0.5123,0.5316293199601578,0.5123,0.492100655467988,0.0,,,
60,Central,0.0,1.3511645612837393,0.5138,0.5570780268858668,0.5138,0.5073361410292608,0.0,,,
61,Central,0.0,1.251232246809368,0.557,0.5560132141018083,0.5569999999999999,0.5518504054570481,0.0,,,
62,Central,0.0,1.3210299437559103,0.5233,0.5326605515346234,0.5233,0.513109852377861,0.0,,,
63,Central,0.0,1.2746157118036776,0.5458,0.5557025155548151,0.5458000000000001,0.541462051972603,0.0,,,
64,Central,0.0,1.3769165488738049,0.5053,0.5514385507267222,0.5053,0.5081150680418389,0.0,,,
65,Central,0.0,1.4202820636049103,0.5005,0.5381114907864213,0.5005,0.48049911938808726,0.0,,,
66,Central,0.0,1.3075941891609868,0.5291,0.5622421448652848,0.5291,0.5206243307920311,0.0,,,
67,Central,0.0,1.7163186360009108,0.4247,0.531591007650815,0.42469999999999997,0.42420968369420387,0.0,,,
68,Central,0.0,1.3225431366811824,0.5182,0.5696985028316227,0.5182,0.5208453864248801,0.0,,,
69,Central,0.0,1.3467592453654809,0.5201,0.5615996886304625,0.5201,0.5138768908625132,0.0,,,
70,Central,0.0,1.289176521421988,0.5387,0.5748623641407604,0.5387000000000001,0.5392539810245071,0.0,,,
71,Central,0.0,1.2437273294110842,0.5533,0.564383991148395,0.5532999999999999,0.5527805934637673,0.0,,,
72,Central,0.0,1.35939637467831,0.5154,0.558062561452073,0.5154000000000001,0.5181857955058516,0.0,,,
73,Central,0.0,1.2992166808888883,0.5329,0.5676401282763457,0.5329,0.5287064162092869,0.0,,,
74,Central,0.0,1.2410978297644024,0.5526,0.5798087333633422,0.5526,0.5530514199426442,0.0,,,
75,Central,0.0,1.2962831002247484,0.5415,0.5604155949271552,0.5415,0.5245184112658516,0.0,,,
76,Central,0.0,1.310254934467847,0.5393,0.587995120688642,0.5393000000000001,0.533011546697397,0.0,,,
77,Central,0.0,1.4110558395144306,0.5138,0.5439562329682677,0.5138,0.504041460774914,0.0,,,
78,Central,0.0,1.3432616915883897,0.519,0.562440083513655,0.519,0.5123721813187132,0.0,,,
79,Central,0.0,1.2818562169618244,0.5377,0.5707100657395052,0.5377,0.5347676640468082,0.0,,,
80,Central,0.0,1.2959896326065063,0.5347,0.5695824574233996,0.5347,0.5273748278243687,0.0,,,
81,Central,0.0,1.3211387018614178,0.5333,0.5667528046868264,0.5333,0.5243719495464569,0.0,,,
82,Central,0.0,1.290980109685584,0.5389,0.5713019654817941,0.5388999999999999,0.5329383845062472,0.0,,,
83,Central,0.0,1.3039619213418117,0.5384,0.5767515935640601,0.5384,0.5332415509243219,0.0,,,
84,Central,0.0,1.2561047122448306,0.5532,0.5837057671583581,0.5532000000000001,0.5507647876621816,0.0,,,
85,Central,0.0,1.8449692250807075,0.3942,0.557865023594813,0.3942,0.37834856428543867,0.0,,,
86,Central,0.0,1.353202323370342,0.5197,0.5755927494584359,0.5197,0.5206012764567254,0.0,,,
87,Central,0.0,1.2499639241001275,0.5484,0.5738000188767128,0.5484,0.5438063829552973,0.0,,,
88,Central,0.0,1.2658134351802777,0.5508,0.5486422426316029,0.5508,0.544024779847536,0.0,,,
89,Central,0.0,1.2343095224114913,0.5579,0.5782697811148728,0.5579000000000001,0.5569356442123491,0.0,,,
90,Central,0.0,1.2940633900557892,0.5448,0.5902566369840514,0.5448000000000001,0.5460154768708831,0.0,,,
91,Central,0.0,1.2828097705599628,0.5374,0.5623585460062148,0.5374000000000001,0.5229857457781323,0.0,,,
92,Central,0.0,1.2261824049527132,0.558,0.5893556155262772,0.558,0.557199361121085,0.0,,,
93,Central,0.0,1.2261942715584477,0.5677,0.5833340029681412,0.5677,0.5633633902132809,0.0,,,
94,Central,0.0,1.1713651260243187,0.5862,0.5985599065791559,0.5862,0.5800489352615542,0.0,,,
95,Central,0.0,1.254079278511337,0.5675,0.5927690793121245,0.5675,0.5629543960825824,0.0,,,
96,Central,0.0,1.2043837806846522,0.5676,0.5975005908165318,0.5675999999999999,0.5652639322658797,0.0,,,
97,Central,0.0,1.2118205382854124,0.5775,0.5836959060313412,0.5775,0.5617061069241402,0.0,,,
98,Central,0.0,1.2496781047386458,0.553,0.6089459140166269,0.553,0.5536336316430572,0.0,,,
99,Central,0.0,1.245190290710594,0.5581,0.5936064759799087,0.5581,0.5560011605238507,0.0,,,
100,Central,0.0,1.4085981800586362,0.5165,0.5821006943299329,0.5165,0.4997804287042581,0.0,,,
1,FedAvg,0.25,1.1735918544515778,0.5862,0.5985599065791559,0.5862,0.5800489352615542,0.544,0.5291111111111111,0.5415925925925926,0.48783597883597885
2,FedAvg,0.25,1.172213281257243,0.5862,0.5985599065791559,0.5862,0.5800489352615542,0.5760000000000001,0.5073333333333334,0.5038148148148148,0.47784223184223185
3,FedAvg,0.25,1.1712605945671661,0.5862,0.5985599065791559,0.5862,0.5800489352615542,0.584,0.5738333333333332,0.5879999999999999,0.5285757575757575
4,FedAvg,0.25,1.1798980960363075,0.5862,0.5985599065791559,0.5862,0.5800489352615542,0.5680000000000001,0.5580370370370369,0.5827407407407408,0.5130740740740741
5,FedAvg,0.25,1.1734916597981997,0.5862,0.5985599065791559,0.5862,0.5800489352615542,0.552,0.5042962962962962,0.5393703703703704,0.4818399871733205
6,FedAvg,0.25,1.1741373886035968,0.5862,0.5985599065791559,0.5862,0.5800489352615542,0.56,0.5393333333333332,0.5552592592592591,0.5042592592592593
7,FedAvg,0.25,1.1755710727051845,0.5862,0.5985599065791559,0.5862,0.5800489352615542,0.44800000000000006,0.37925925925925924,0.4255925925925926,0.3771904761904762
8,FedAvg,0.25,1.1699271239811861,0.5862,0.5985599065791559,0.5862,0.5800489352615542,0.592,0.513,0.562,0.5048614718614718
9,FedAvg,0.25,1.173132434675965,0.5862,0.5985599065791559,0.5862,0.5800489352615542,0.544,0.5096507936507936,0.5252592592592593,0.47952429052429046
10,FedAvg,0.25,1.1750210523605347,0.5862,0.5985599065791559,0.5862,0.5800489352615542,0.6079999999999999,0.584994708994709,0.594962962962963,0.5479903799903799
11,FedAvg,0.25,1.1761958863161788,0.5862,0.5985599065791559,0.5862,0.5800489352615542,0.528,0.5304814814814814,0.5437037037037037,0.4931305114638448
12,FedAvg,0.25,1.1758787526360042,0.5862,0.5985599065791559,0.5862,0.5800489352615542,0.552,0.5961904761904763,0.5506666666666666,0.5145772005772005
13,FedAvg,0.25,1.1701558526558211,0.5862,0.5985599065791559,0.5862,0.5800489352615542,0.504,0.4746666666666666,0.493,0.44408802308802303
14,FedAvg,0.25,1.171650386309322,0.5862,0.5985599065791559,0.5862,0.5800489352615542,0.5680000000000001,0.561,0.554,0.51894227994228
15,FedAvg,0.25,1.1754972595202773,0.5862,0.5985599065791559,0.5862,0.5800489352615542,0.6080000000000001,0.6293333333333333,0.5886666666666667,0.5705310245310246
16,FedAvg,0.25,1.1783816399453562,0.5862,0.5985599065791559,0.5862,0.5800489352615542,0.52,0.468068783068783,0.47892592592592587,0.43811965811965814
17,FedAvg,0.25,1.1786390361906607,0.5862,0.5985599065791559,0.5862,0.5800489352615542,0.5840000000000001,0.6119417989417989,0.5522592592592591,0.5414126984126983
18,FedAvg,0.25,1.171018975444987,0.5862,0.5985599065791559,0.5862,0.5800489352615542,0.5760000000000001,0.521,0.5286666666666667,0.48989466089466094
19,FedAvg,0.25,1.173903049547461,0.5862,0.5985599065791559,0.5862,0.5800489352615542,0.488,0.4096666666666667,0.46099999999999997,0.40823809523809523
20,FedAvg,0.25,1.1792062219185164,0.5862,0.5985599065791559,0.5862,0.5800489352615542,0.528,0.522,0.5106666666666667,0.4786724386724387
21,FedAvg,0.25,1.1675230679632742,0.5862,0.5985599065791559,0.5862,0.5800489352615542,0.5760000000000001,0.5796666666666667,0.5493333333333332,0.517038961038961
22,FedAvg,0.25,1.1782550479792342,0.5862,0.5985599065791559,0.5862,0.5800489352615542,0.504,0.4633333333333334,0.5010000000000001,0.44192496392496394
23,FedAvg,0.25,1.1708958103686948,0.5862,0.5985599065791559,0.5862,0.5800489352615542,0.488,0.4675767195767196,0.4854074074074074,0.43527176527176525
24,FedAvg,0.25,1.173851732966266,0.5862,0.5985599065791559,0.5862,0.5800489352615542,0.552,0.517,0.5016666666666667,0.48279365079365083
25,FedAvg,0.25,1.1774241094347797,0.5862,0.5985599065791559,0.5862,0.5800489352615542,0.528,0.4802857142857143,0.45666666666666667,0.43547619047619046
26,FedAvg,0.25,1.1725250127949292,0.5862,0.5985599065791559,0.5862,0.5800489352615542,0.5680000000000001,0.5538809523809524,0.5489999999999999,0.4978766788766789
27,FedAvg,0.25,1.1736852232413957,0.5862,0.5985599065791559,0.5862,0.5800489352615542,0.544,0.5477857142857142,0.5193333333333333,0.4935555555555555
28,FedAvg,0.25,1.1695216554629653,0.5862,0.5985599065791559,0.5862,0.5800489352615542,0.52,0.5075555555555555,0.49025925925925923,0.4601842231842232
29,FedAvg,0.25,1.1708438720884202,0.5862,0.5985599065791559,0.5862,0.5800489352615542,0.56,0.5187037037037037,0.537074074074074,0.496904761904762
30,FedAvg,0.25,1.1718873638141005,0.5862,0.5985599065791559,0.5862,0.5800489352615542,0.5920000000000001,0.5471481481481482,0.5477407407407408,0.5184583934583934
31,FedAvg,0.25,1.1776126826865763,0.5862,0.5985599065791559,0.5862,0.5800489352615542,0.608,0.6107619047619048,0.605,0.5742063492063492
32,FedAvg,0.25,1.170760400687592,0.5862,0.5985599065791559,0.5862,0.5800489352615542,0.5599999999999999,0.5163703703703704,0.5080370370370371,0.47651322751322744
33,FedAvg,0.25,1.1712099381639987,0.5862,0.5985599065791559,0.5862,0.5800489352615542,0.608,0.623,0.6216666666666667,0.5729206349206348
34,FedAvg,0.25,1.1722728813750833,0.5862,0.5985599065791559,0.5862,0.5800489352615542,0.52,0.4917407407407407,0.5027407407407407,0.4578698462031795
35,FedAvg,0.25,1.1756447583814211,0.5862,0.5985599065791559,0.5862,0.5800489352615542,0.52,0.5050000000000001,0.502,0.4703246753246753
36,FedAvg,0.25,1.1718758865247798,0.5862,0.5985599065791559,0.5862,0.5800489352615542,0.52,0.5078148148148148,0.5114444444444445,0.4623756613756614
37,FedAvg,0.25,1.1791149672073653,0.5862,0.5985599065791559,0.5862,0.5800489352615542,0.488,0.458,0.43266666666666664,0.4193217893217893
38,FedAvg,0.25,1.1755888695958294,0.5862,0.5985599065791559,0.5862,0.5800489352615542,0.544,0.5288148148148147,0.5211111111111111,0.4784734648067982
39,FedAvg,0.25,1.1716853968704803,0.5862,0.5985599065791559,0.5862,0.5800489352615542,0.52,0.5203809523809524,0.5263333333333333,0.4774285714285714
40,FedAvg,0.25,1.1714563181128683,0.5862,0.5985599065791559,0.5862,0.5800489352615542,0.48,0.4051957671957672,0.4497037037037036,0.3938359788359788
41,FedAvg,0.25,1.1808538934852504,0.5862,0.5985599065791559,0.5862,0.5800489352615542,0.5680000000000001,0.5616666666666666,0.554,0.5237936507936507
42,FedAvg,0.25,1.1728375554084778,0.5862,0.5985599065791559,0.5862,0.5800489352615542,0.512,0.4757037037037037,0.5162592592592592,0.45316883116883117
43,FedAvg,0.25,1.1761954690836653,0.5862,0.5985599065791559,0.5862,0.5800489352615542,0.552,0.5596243386243387,0.5344074074074074,0.508403608736942
44,FedAvg,0.25,1.1727682940567596,0.5862,0.5985599065791559,0.5862,0.5800489352615542,0.56,0.5449999999999999,0.5685,0.5159920634920635
45,FedAvg,0.25,1.1797514950172812,0.5862,0.5985599065791559,0.5862,0.5800489352615542,0.5519999999999999,0.5363333333333333,0.5359999999999999,0.5026854256854257
46,FedAvg,0.25,1.1738345004335236,0.5862,0.5985599065791559,0.5862,0.5800489352615542,0.576,0.650595238095238,0.5363333333333332,0.5331471861471861
47,FedAvg,0.25,1.1662489153161835,0.5862,0.5985599065791559,0.5862,0.5800489352615542,0.528,0.5046666666666666,0.5433333333333333,0.4768253968253968
48,FedAvg,0.25,1.1731161973144435,0.5862,0.5985599065791559,0.5862,0.5800489352615542,0.536,0.5535714285714286,0.5363333333333333,0.4975137085137085
49,FedAvg,0.25,1.169896805588203,0.5862,0.5985599065791559,0.5862,0.5800489352615542,0.56,0.5534074074074075,0.5436666666666666,0.5112804232804233
50,FedAvg,0.25,1.1734111301506622,0.5862,0.5985599065791559,0.5862,0.5800489352615542,0.5760000000000001,0.5593333333333332,0.5506666666666666,0.5144603174603175
51,FedAvg,0.25,1.1722988297667685,0.5862,0.5985599065791559,0.5862,0.5800489352615542,0.56,0.53,0.5306666666666666,0.491952380952381
52,FedAvg,0.25,1.1745243691190888,0.5862,0.5985599065791559,0.5862,0.5800489352615542,0.488,0.43500000000000005,0.45066666666666666,0.4074011544011544
53,FedAvg,0.25,1.1781526057026055,0.5862,0.5985599065791559,0.5862,0.5800489352615542,0.5760000000000001,0.5674814814814815,0.5600370370370371,0.5222733686067019
54,FedAvg,0.25,1.1733565753019308,0.5862,0.5985599065791559,0.5862,0.5800489352615542,0.4720000000000001,0.406037037037037,0.435074074074074,0.3905079365079366
55,FedAvg,0.25,1.1751493539991258,0.5862,0.5985599065791559,0.5862,0.5800489352615542,0.5680000000000001,0.57,0.5414074074074073,0.5117513227513227
56,FedAvg,0.25,1.1760332690009587,0.5862,0.5985599065791559,0.5862,0.5800489352615542,0.512,0.4367592592592592,0.472037037037037,0.4050777370777371
57,FedAvg,0.25,1.1724495487877085,0.5862,0.5985599065791559,0.5862,0.5800489352615542,0.5760000000000001,0.5772380952380953,0.5593333333333332,0.5098470418470419
58,FedAvg,0.25,1.1734883204291138,0.5862,0.5985599065791559,0.5862,0.5800489352615542,0.504,0.4483439153439154,0.47118518518518526,0.4367580567580568
59,FedAvg,0.25,1.1748151764085022,0.5862,0.5985599065791559,0.5862,0.5800489352615542,0.6,0.5611666666666666,0.549,0.520865134865135
60,FedAvg,0.25,1.1733748256405698,0.5862,0.5985599065791559,0.5862,0.5800489352615542,0.528,0.5020740740740741,0.5063703703703702,0.4637349687349688
61,FedAvg,0.25,1.1754980275902567,0.5862,0.5985599065791559,0.5862,0.5800489352615542,0.608,0.5833333333333333,0.5860000000000001,0.5455396825396825
62,FedAvg,0.25,1.1717715912227389,0.5862,0.5985599065791559,0.5862,0.5800489352615542,0.592,0.5646666666666667,0.5776666666666667,0.5303333333333333
63,FedAvg,0.25,1.174750783020937,0.5862,0.5985599065791559,0.5862,0.5800489352615542,0.5760000000000001,0.5210000000000001,0.5389999999999999,0.5028412698412699
64,FedAvg,0.25,1.17664373826377,0.5862,0.5985599065791559,0.5862,0.5800489352615542,0.536,0.496,0.515,0.4593650793650793
65,FedAvg,0.25,1.1703387015982518,0.5862,0.5985599065791559,0.5862,0.5800489352615542,0.5680000000000001,0.5246349206349207,0.5087777777777778,0.48743161776495114
66,FedAvg,0.25,1.1734870340250716,0.5862,0.5985599065791559,0.5862,0.5800489352615542,0.5680000000000001,0.5723333333333334,0.5433333333333332,0.5203492063492063
67,FedAvg,0.25,1.1727779266200489,0.5862,0.5985599065791559,0.5862,0.5800489352615542,0.584,0.5393174603174604,0.5643703703703703,0.519331569664903
68,FedAvg,0.25,1.172556140000307,0.5862,0.5985599065791559,0.5862,0.5800489352615542,0.552,0.542,0.5853333333333334,0.5081587301587301
69,FedAvg,0.25,1.1722450475149517,0.5862,0.5985599065791559,0.5862,0.5800489352615542,0.504,0.43200000000000005,0.46833333333333327,0.41020634920634924
70,FedAvg,0.25,1.172771701329871,0.5862,0.5985599065791559,0.5862,0.5800489352615542,0.5760000000000001,0.5696190476190476,0.591,0.521971916971917
71,FedAvg,0.25,1.1767419403112387,0.5862,0.5985599065791559,0.5862,0.5800489352615542,0.52,0.5086666666666666,0.5206666666666667,0.46513275613275606
72,FedAvg,0.25,1.172316031365455,0.5862,0.5985599065791559,0.5862,0.5800489352615542,0.512,0.43140740740740735,0.4652222222222223,0.4189276895943562
73,FedAvg,0.25,1.169803383229654,0.5862,0.5985599065791559,0.5862,0.5800489352615542,0.504,0.48930687830687825,0.4922592592592593,0.44132804232804246
74,FedAvg,0.25,1.1734831295435941,0.5862,0.5985599065791559,0.5862,0.5800489352615542,0.52,0.5133333333333333,0.513,0.4542857142857143
75,FedAvg,0.25,1.1680508142785182,0.5862,0.5985599065791559,0.5862,0.5800489352615542,0.4640000000000001,0.4586666666666666,0.45233333333333337,0.4196984126984127
76,FedAvg,0.25,1.1776767395719696,0.5862,0.5985599065791559,0.5862,0.5800489352615542,0.6080000000000001,0.5977619047619047,0.5736666666666667,0.5541587301587301
77,FedAvg,0.25,1.1702306225330015,0.5862,0.5985599065791559,0.5862,0.5800489352615542,0.552,0.5158518518518518,0.5390370370370371,0.49501940035273384
78,FedAvg,0.25,1.1718462139745303,0.5862,0.5985599065791559,0.5862,0.5800489352615542,0.592,0.5983333333333334,0.6066666666666667,0.5456031746031746
79,FedAvg,0.25,1.177791952332364,0.5862,0.5985599065791559,0.5862,0.5800489352615542,0.544,0.5628412698412699,0.5561851851851852,0.5057253487253487
80,FedAvg,0.25,1.1727257650109786,0.5862,0.5985599065791559,0.5862,0.5800489352615542,0.536,0.5794285714285714,0.5646666666666667,0.5125930735930736
81,FedAvg,0.25,1.172935508474519,0.5862,0.5985599065791559,0.5862,0.5800489352615542,0.5519999999999999,0.5019047619047619,0.5414814814814815,0.4804633637966971
82,FedAvg,0.25,1.1745415224304683,0.5862,0.5985599065791559,0.5862,0.5800489352615542,0.5519999999999999,0.5773333333333334,0.5563333333333335,0.5292698412698412
83,FedAvg,0.25,1.1740111550198327,0.5862,0.5985599065791559,0.5862,0.5800489352615542,0.5439999999999999,0.5185555555555554,0.5382592592592592,0.490994227994228
84,FedAvg,0.25,1.1695948016794422,0.5862,0.5985599065791559,0.5862,0.5800489352615542,0.536,0.5340952380952381,0.555,0.49937662337662336
85,FedAvg,0.25,1.1729905892022048,0.5862,0.5985599065791559,0.5862,0.5800489352615542,0.608,0.5643333333333334,0.5793333333333333,0.5411587301587302
86,FedAvg,0.25,1.1732233566573904,0.5862,0.5985599065791559,0.5862,0.5800489352615542,0.6080000000000001,0.6181851851851852,0.5728888888888889,0.5388706108706108
87,FedAvg,0.25,1.1762472851366936,0.5862,0.5985599065791559,0.5862,0.5800489352615542,0.624,0.5863809523809523,0.587,0.5575613275613275
88,FedAvg,0.25,1.1743133633951597,0.5862,0.5985599065791559,0.5862,0.5800489352615542,0.5760000000000001,0.5053809523809523,0.5146666666666666,0.47501659451659445
89,FedAvg,0.25,1.1700361431399477,0.5862,0.5985599065791559,0.5862,0.5800489352615542,0.536,0.4830899470899471,0.49777777777777776,0.45635209235209234
90,FedAvg,0.25,1.1781179074999653,0.5862,0.5985599065791559,0.5862,0.5800489352615542,0.576,0.5619999999999999,0.5373333333333333,0.5074285714285715
91,FedAvg,0.25,1.170699984212465,0.5862,0.5985599065791559,0.5862,0.5800489352615542,0.552,0.5011111111111111,0.500925925925926,0.47351146384479714
92,FedAvg,0.25,1.1755352020263672,0.5862,0.5985599065791559,0.5862,0.5800489352615542,0.544,0.5512857142857144,0.5186666666666666,0.49123809523809525
93,FedAvg,0.25,1.1755999854848356,0.5862,0.5985599065791559,0.5862,0.5800489352615542,0.5920000000000001,0.5533333333333333,0.5816666666666667,0.5355555555555556
94,FedAvg,0.25,1.1697821843473217,0.5862,0.5985599065791559,0.5862,0.5800489352615542,0.552,0.5154179894179893,0.5024074074074074,0.4689141229141229
95,FedAvg,0.25,1.1735855620118636,0.5862,0.5985599065791559,0.5862,0.5800489352615542,0.552,0.5183333333333333,0.521,0.4848138528138528
96,FedAvg,0.25,1.1697574393658698,0.5862,0.5985599065791559,0.5862,0.5800489352615542,0.5680000000000001,0.5825714285714285,0.5423333333333333,0.5278138528138527
97,FedAvg,0.25,1.1734489700462245,0.5862,0.5985599065791559,0.5862,0.5800489352615542,0.5680000000000001,0.5055714285714286,0.515,0.4756031746031746
98,FedAvg,0.25,1.1733372543431535,0.5862,0.5985599065791559,0.5862,0.5800489352615542,0.56,0.5577407407407409,0.5606666666666668,0.5225008818342152
99,FedAvg,0.25,1.1694248786455468,0.5862,0.5985599065791559,0.5862,0.5800489352615542,0.552,0.5513333333333332,0.5246666666666666,0.49550793650793656
100,FedAvg,0.25,1.1756354992902731,0.5862,0.5985599065791559,0.5862,0.5800489352615542,0.624,0.629,0.6256666666666667,0.5806190476190476
1,FedAvg,0.5,2.3023306357709665,0.0984,0.15501461983558087,0.0984,0.0362651019063742,0.092,0.045523417190383754,0.08785714285714286,0.04137376065253303
2,FedAvg,0.5,2.3022943237159827,0.0984,0.15501461983558087,0.0984,0.0362651019063742,0.08399999999999999,0.01475804000395652,0.0883015873015873,0.024002800215074015
3,FedAvg,0.5,2.3022476389438293,0.0984,0.15501461983558087,0.0984,0.0362651019063742,0.088,0.016265261936039922,0.08474603174603174,0.02629959913763006
4,FedAvg,0.5,2.3026390558556664,0.0984,0.15501461983558087,0.0984,0.0362651019063742,0.124,0.05285448040923422,0.11490476190476188,0.049136877047362984
5,FedAvg,0.5,2.302692911292933,0.0984,0.15501461983558087,0.0984,0.0362651019063742,0.088,0.018963144005588822,0.10088888888888889,0.029547319888783303
6,FedAvg,0.5,2.3020611503456214,0.0984,0.15501461983558087,0.0984,0.0362651019063742,0.08,0.016308212808212808,0.08341269841269841,0.025131064972528382
7,FedAvg,0.5,2.3022136627873286,0.0984,0.15501461983558087,0.0984,0.0362651019063742,0.096,0.019514537084695877,0.08826984126984128,0.02937965950817848
8,FedAvg,0.5,2.302517501613762,0.0984,0.15501461983558087,0.0984,0.0362651019063742,0.10800000000000001,0.025303392244568713,0.10171428571428572,0.03826244497553901
9,FedAvg,0.5,2.302743084823029,0.0984,0.15501461983558087,0.0984,0.0362651019063742,0.08800000000000001,0.018077380071188122,0.09304761904761906,0.028826947222931533
10,FedAvg,0.5,2.3023528056808664,0.0984,0.15501461983558087,0.0984,0.0362651019063742,0.10799999999999998,0.041378128576404445,0.11788888888888889,0.047690805456534355
11,FedAvg,0.5,2.3024047054821932,0.0984,0.15501461983558087,0.0984,0.0362651019063742,0.092,0.023306859806859807,0.08366666666666667,0.02911462112332794
12,FedAvg,0.5,2.302167771737787,0.0984,0.15501461983558087,0.0984,0.0362651019063742,0.092,0.02299881164587047,0.08682539682539683,0.0318579389975271
13,FedAvg,0.5,2.3025932161113882,0.0984,0.15501461983558087,0.0984,0.0362651019063742,0.092,0.01633610606404724,0.0931904761904762,0.027057181608481196
14,FedAvg,0.5,2.302610590488096,0.0984,0.15501461983558087,0.0984,0.0362651019063742,0.096,0.025498014842055095,0.09942857142857142,0.03675228602731131
15,FedAvg,0.5,2.302316375925571,0.0984,0.15501461983558087,0.0984,0.0362651019063742,0.084,0.015563789549083667,0.08752380952380953,0.025590073403680597
16,FedAvg,0.5,2.302438186693795,0.0984,0.15501461983558087,0.0984,0.0362651019063742,0.096,0.04093745571233586,0.099015873015873,0.0396973356973357
17,FedAvg,0.5,2.302089811880377,0.0984,0.15501461983558087,0.0984,0.0362651019063742,0.11199999999999999,0.05985759885759885,0.09857142857142857,0.043904466258775435
18,FedAvg,0.5,2.3022655957861793,0.0984,0.15501461983558087,0.0984,0.0362651019063742,0.08,0.03416648874001815,0.081,0.031220518368785383
19,FedAvg,0.5,2.3022676600685603,0.0984,0.15501461983558087,0.0984,0.0362651019063742,0.10800000000000001,0.04033946063168075,0.10766666666666666,0.041168162699001934
20,FedAvg,0.5,2.3020400276666955,0.0984,0.15501461983558087,0.0984,0.0362651019063742,0.076,0.01409270502459357,0.08141269841269841,0.023238036446944187
21,FedAvg,0.5,2.3023395840125747,0.0984,0.15501461983558087,0.0984,0.0362651019063742,0.07200000000000001,0.030170305533308628,0.06633333333333333,0.02301073779689775
22,FedAvg,0.5,2.302300492419472,0.0984,0.15501461983558087,0.0984,0.0362651019063742,0.096,0.016261856585385998,0.08419047619047619,0.02595866547674962
23,FedAvg,0.5,2.302544186386881,0.0984,0.15501461983558087,0.0984,0.0362651019063742,0.096,0.04804997669014447,0.10096825396825397,0.047670828292779514
24,FedAvg,0.5,2.302349739436862,0.0984,0.15501461983558087,0.0984,0.0362651019063742,0.11200000000000002,0.03329660926291168,0.11487301587301586,0.04186653651359533
25,FedAvg,0.5,2.302325791950467,0.0984,0.15501461983558087,0.0984,0.0362651019063742,0.092,0.014808696205755029,0.08619047619047619,0.024917647179521378
26,FedAvg,0.5,2.3022776827027527,0.0984,0.15501461983558087,0.0984,0.0362651019063742,0.096,0.028394352121906302,0.09623809523809525,0.032881707096540855
27,FedAvg,0.5,2.3024436129799373,0.0984,0.15501461983558087,0.0984,0.0362651019063742,0.092,0.03585455427714973,0.10499999999999998,0.034771856601200406
28,FedAvg,0.5,2.3023953920678246,0.0984,0.15501461983558087,0.0984,0.0362651019063742,0.096,0.02755257955257955,0.1033015873015873,0.03355541198874347
29,FedAvg,0.5,2.302582034581824,0.0984,0.15501461983558087,0.0984,0.0362651019063742,0.124,0.04539450818243388,0.11588888888888889,0.04725761468409362
30,FedAvg,0.5,2.302231076397473,0.0984,0.15501461983558087,0.0984,0.0362651019063742,0.1,0.03943561722593981,0.09352380952380952,0.043170955844896795
31,FedAvg,0.5,2.3022680644747577,0.0984,0.15501461983558087,0.0984,0.0362651019063742,0.096,0.017372068612780685,0.10285714285714284,0.028071703410562438
32,FedAvg,0.5,2.302524424806426,0.0984,0.15501461983558087,0.0984,0.0362651019063742,0.096,0.020598653496486312,0.1,0.032738661219712736
33,FedAvg,0.5,2.302642683439617,0.0984,0.15501461983558087,0.0984,0.0362651019063742,0.092,0.017137547149717533,0.09185714285714286,0.02784381282787878
34,FedAvg,0.5,2.3023541758332073,0.0984,0.15501461983558087,0.0984,0.0362651019063742,0.096,0.04893522544690509,0.09387301587301587,0.04286410619537555
35,FedAvg,0.5,2.3022906568985952,0.0984,0.15501461983558087,0.0984,0.0362651019063742,0.10400000000000001,0.040266922619863796,0.1098888888888889,0.03704029602928012
36,FedAvg,0.5,2.3023798526087895,0.0984,0.15501461983558087,0.0984,0.0362651019063742,0.10800000000000001,0.02138510724346638,0.09860317460317461,0.03306752312015471
37,FedAvg,0.5,2.302329126792618,0.0984,0.15501461983558087,0.0984,0.0362651019063742,0.08399999999999999,0.03435909133386005,0.07885714285714286,0.02894956734087169
38,FedAvg,0.5,2.301812890209729,0.0984,0.15501461983558087,0.0984,0.0362651019063742,0.08000000000000002,0.016024120873966076,0.07407936507936508,0.025386809896703562
39,FedAvg,0.5,2.302753339839887,0.0984,0.15501461983558087,0.0984,0.0362651019063742,0.10400000000000001,0.04013112618375776,0.09734920634920634,0.038860147165458964
40,FedAvg,0.5,2.302494175826447,0.0984,0.15501461983558087,0.0984,0.0362651019063742,0.1,0.03250269263894159,0.10066666666666665,0.03976708434940014
41,FedAvg,0.5,2.3022324133522902,0.0984,0.15501461983558087,0.0984,0.0362651019063742,0.10400000000000001,0.03362434580665363,0.10357142857142858,0.04433312169866278
42,FedAvg,0.5,2.302652808684337,0.0984,0.15501461983558087,0.0984,0.0362651019063742,0.092,0.018166100004060652,0.09066666666666667,0.029286168618646153
43,FedAvg,0.5,2.3025875363168837,0.0984,0.15501461983558087,0.0984,0.0362651019063742,0.10800000000000001,0.06143581663434604,0.11163492063492061,0.04791114672032894
44,FedAvg,0.5,2.302472027042244,0.0984,0.15501461983558087,0.0984,0.0362651019063742,0.1,0.0183350004551193,0.09166666666666666,0.029542916148179305
45,FedAvg,0.5,2.302247521243518,0.0984,0.15501461983558087,0.0984,0.0362651019063742,0.08800000000000001,0.017738039738039738,0.10157142857142858,0.028735961664754235
46,FedAvg,0.5,2.3024899205075036,0.0984,0.15501461983558087,0.0984,0.0362651019063742,0.08,0.04302747827344601,0.08157142857142856,0.03232359421124631
47,FedAvg,0.5,2.3025486589987065,0.0984,0.15501461983558087,0.0984,0.0362651019063742,0.11600000000000002,0.08072016735386854,0.11785714285714285,0.05161319761319762
48,FedAvg,0.5,2.302540471282186,0.0984,0.15501461983558087,0.0984,0.0362651019063742,0.08,0.031059458034049692,0.08019047619047619,0.027072023484781903
49,FedAvg,0.5,2.3021897122829773,0.0984,0.15501461983558087,0.0984,0.0362651019063742,0.068,0.012431551889048303,0.06690476190476191,0.020076325128956705
50,FedAvg,0.5,2.3023831240738493,0.0984,0.15501461983558087,0.0984,0.0362651019063742,0.1,0.039510949834479246,0.09238095238095237,0.038240697898592635
51,FedAvg,0.5,2.3025040928321547,0.0984,0.15501461983558087,0.0984,0.0362651019063742,0.096,0.04580884475002122,0.09233333333333334,0.03865668275279259
52,FedAvg,0.5,2.3027247356463083,0.0984,0.15501461983558087,0.0984,0.0362651019063742,0.11600000000000002,0.023457459187829537,0.11355555555555556,0.03773939233350999
53,FedAvg,0.5,2.302282125135011,0.0984,0.15501461983558087,0.0984,0.0362651019063742,0.08800000000000001,0.03447144640217396,0.09041269841269842,0.028919223020844386
54,FedAvg,0.5,2.302676451357105,0.0984,0.15501461983558087,0.0984,0.0362651019063742,0.068,0.015559734383263796,0.06649206349206349,0.023792788449437243
55,FedAvg,0.5,2.3026170911668222,0.0984,0.15501461983558087,0.0984,0.0362651019063742,0.10400000000000001,0.05293125640706285,0.10452380952380953,0.04468811792362804
56,FedAvg,0.5,2.3022193546536602,0.0984,0.15501461983558087,0.0984,0.0362651019063742,0.092,0.018226010101010104,0.08885714285714286,0.02883007437169004
57,FedAvg,0.5,2.302377181717112,0.0984,0.15501461983558087,0.0984,0.0362651019063742,0.096,0.029262500657237494,0.08466666666666667,0.039169475510938925
58,FedAvg,0.5,2.3022429339493375,0.0984,0.15501461983558087,0.0984,0.0362651019063742,0.092,0.02262442541119012,0.08852380952380952,0.034808773251123436
59,FedAvg,0.5,2.302817030798031,0.0984,0.15501461983558087,0.0984,0.0362651019063742,0.11199999999999999,0.06371819558661149,0.0987936507936508,0.04953328796807057
60,FedAvg,0.5,2.3028526577768447,0.0984,0.15501461983558087,0.0984,0.0362651019063742,0.10400000000000001,0.022597923046198905,0.09246031746031745,0.03411095964255125
61,FedAvg,0.5,2.3024361918244183,0.0984,0.15501461983558087,0.0984,0.0362651019063742,0.10800000000000001,0.039403860587297126,0.09890476190476191,0.039274725274725274
62,FedAvg,0.5,2.302538410017762,0.0984,0.15501461983558087,0.0984,0.0362651019063742,0.088,0.03321401343754285,0.097,0.030930727903770272
63,FedAvg,0.5,2.3020513993275316,0.0984,0.15501461983558087,0.0984,0.0362651019063742,0.09600000000000002,0.026549130178387143,0.08933333333333333,0.03397751015209295
64,FedAvg,0.5,2.3019806674764127,0.0984,0.15501461983558087,0.0984,0.0362651019063742,0.10400000000000001,0.04163143224443534,0.11022222222222222,0.039874883265545766
65,FedAvg,0.5,2.3020903641664527,0.0984,0.15501461983558087,0.0984,0.0362651019063742,0.096,0.02903252680852167,0.09457142857142857,0.035411968662438856
66,FedAvg,0.5,2.3023165449311462,0.0984,0.15501461983558087,0.0984,0.0362651019063742,0.08000000000000002,0.012594763220452262,0.07666666666666667,0.020975246975246976
67,FedAvg,0.5,2.30216841758052,0.0984,0.15501461983558087,0.0984,0.0362651019063742,0.084,0.016555509014273828,0.08652380952380953,0.02689475882876722
68,FedAvg,0.5,2.3027132734467712,0.0984,0.15501461983558087,0.0984,0.0362651019063742,0.088,0.054539207266761446,0.09626984126984127,0.03453554891170991
69,FedAvg,0.5,2.3023265373857718,0.0984,0.15501461983558087,0.0984,0.0362651019063742,0.088,0.03730570212519928,0.07723809523809524,0.03499725681731598
70,FedAvg,0.5,2.302697592143771,0.0984,0.15501461983558087,0.0984,0.0362651019063742,0.10400000000000001,0.05756564740554304,0.09671428571428572,0.04191447606721369
71,FedAvg,0.5,2.3022142754325383,0.0984,0.15501461983558087,0.0984,0.0362651019063742,0.092,0.0183394040229727,0.08752380952380953,0.028625891248231672
72,FedAvg,0.5,2.3025061239170124,0.0984,0.15501461983558087,0.0984,0.0362651019063742,0.06400000000000002,0.012122219320012189,0.0601904761904762,0.01963399103299756
73,FedAvg,0.5,2.302305622945858,0.0984,0.15501461983558087,0.0984,0.0362651019063742,0.11200000000000002,0.039266142206251096,0.11538095238095239,0.04089550175524063
74,FedAvg,0.5,2.3027502735958825,0.0984,0.15501461983558087,0.0984,0.0362651019063742,0.092,0.023584528613940375,0.10204761904761903,0.03429863637797974
75,FedAvg,0.5,2.3023187238958815,0.0984,0.15501461983558087,0.0984,0.0362651019063742,0.092,0.018519010798422567,0.08185714285714285,0.028302861996331884
76,FedAvg,0.5,2.3025669146187697,0.0984,0.15501461983558087,0.0984,0.0362651019063742,0.1,0.03832679362067408,0.10455555555555555,0.038173142173142174
77,FedAvg,0.5,2.3023784673666654,0.0984,0.15501461983558087,0.0984,0.0362651019063742,0.07200000000000001,0.011243410184586654,0.08366666666666667,0.01943132349875535
78,FedAvg,0.5,2.3023147583007812,0.0984,0.15501461983558087,0.0984,0.0362651019063742,0.12,0.046097451289514105,0.11126984126984127,0.0456446786499418
79,FedAvg,0.5,2.302586446834516,0.0984,0.15501461983558087,0.0984,0.0362651019063742,0.10800000000000001,0.023435194163135338,0.10576190476190477,0.03661286105679698
80,FedAvg,0.5,2.302364255808577,0.0984,0.15501461983558087,0.0984,0.0362651019063742,0.11200000000000002,0.06018040431538616,0.10855555555555554,0.04752336422305462
81,FedAvg,0.5,2.3021102072317388,0.0984,0.15501461983558087,0.0984,0.0362651019063742,0.08800000000000001,0.02104911424029071,0.08885714285714286,0.031426054565589445
82,FedAvg,0.5,2.302472117580945,0.0984,0.15501461983558087,0.0984,0.0362651019063742,0.08800000000000001,0.01654868742368742,0.08785714285714286,0.026828169633047683
83,FedAvg,0.5,2.302343757846687,0.0984,0.15501461983558087,0.0984,0.0362651019063742,0.076,0.04430870942256142,0.08242857142857143,0.03375148236444771
84,FedAvg,0.5,2.302183142191247,0.0984,0.15501461983558087,0.0984,0.0362651019063742,0.1,0.03929083497759219,0.10552380952380953,0.040788944630408046
85,FedAvg,0.5,2.30229502991785,0.0984,0.15501461983558087,0.0984,0.0362651019063742,0.1,0.021816327639857056,0.09109523809523809,0.03260867338779637
86,FedAvg,0.5,2.3026856410352488,0.0984,0.15501461983558087,0.0984,0.0362651019063742,0.10800000000000001,0.036708796879075516,0.10119047619047619,0.03527932636469222
87,FedAvg,0.5,2.30265571195868,0.0984,0.15501461983558087,0.0984,0.0362651019063742,0.12,0.021301009319198174,0.10333333333333335,0.03442917446191366
88,FedAvg,0.5,2.302280151391331,0.0984,0.15501461983558087,0.0984,0.0362651019063742,0.10800000000000001,0.04078419701213819,0.09912698412698415,0.040757504128213516
89,FedAvg,0.5,2.3023175499107262,0.0984,0.15501461983558087,0.0984,0.0362651019063742,0.08800000000000001,0.03813006706135509,0.09152380952380952,0.0359975746832461
90,FedAvg,0.5,2.3027608968034574,0.0984,0.15501461983558087,0.0984,0.0362651019063742,0.096,0.039721284490807814,0.09477777777777778,0.03750773942428291
91,FedAvg,0.5,2.3023922232132925,0.0984,0.15501461983558087,0.0984,0.0362651019063742,0.072,0.0156818660936308,0.06638095238095239,0.023163672297579183
92,FedAvg,0.5,2.3023968316331693,0.0984,0.15501461983558087,0.0984,0.0362651019063742,0.092,0.022819615349027118,0.08752380952380953,0.03378122786167536
93,FedAvg,0.5,2.3021235013309913,0.0984,0.15501461983558087,0.0984,0.0362651019063742,0.07999999999999999,0.012470786922006434,0.07366666666666667,0.020722200096815416
94,FedAvg,0.5,2.302636490592474,0.0984,0.15501461983558087,0.0984,0.0362651019063742,0.096,0.029134719741680692,0.09785714285714285,0.03935555477498883
95,FedAvg,0.5,2.3025636371177964,0.0984,0.15501461983558087,0.0984,0.0362651019063742,0.096,0.029834691452338507,0.11057142857142857,0.03837542321035815
96,FedAvg,0.5,2.3024991675268245,0.0984,0.15501461983558087,0.0984,0.0362651019063742,0.092,0.051763528275522594,0.10474603174603174,0.04580127372830812
97,FedAvg,0.5,2.30252580099468,0.0984,0.15501461983558087,0.0984,0.0362651019063742,0.08399999999999999,0.01835183258712671,0.08809523809523809,0.028409531361632955
98,FedAvg,0.5,2.3027441290360464,0.0984,0.15501461983558087,0.0984,0.0362651019063742,0.08800000000000001,0.03653674103674104,0.08677777777777779,0.03240730218232747
99,FedAvg,0.5,2.302610336979733,0.0984,0.15501461983558087,0.0984,0.0362651019063742,0.068,0.012570011258091754,0.07577777777777778,0.01993535875888817
100,FedAvg,0.5,2.302469274665736,0.0984,0.15501461983558087,0.0984,0.0362651019063742,0.088,0.01666223336811572,0.08355555555555555,0.026294218552174925
1,FedAvg,1.0,2.304518050785306,0.1,0.010004001600640255,0.1,0.018188432157148052,0.11399999999999999,0.011414141414141415,0.1,0.020348987304069303
2,FedAvg,1.0,2.3050264195550847,0.1,0.010004001600640255,0.1,0.018188432157148052,0.10200000000000001,0.0102,0.1,0.01844977375950827
3,FedAvg,1.0,2.3047805888743342,0.1,0.010004001600640255,0.1,0.018188432157148052,0.09,0.009000000000000001,0.1,0.01647100426573975
4,FedAvg,1.0,2.3051736807521386,0.1,0.010004001600640255,0.1,0.018188432157148052,0.086,0.008618181818181818,0.1,0.015852234656144458
5,FedAvg,1.0,2.304867183105855,0.1,0.010004001600640255,0.1,0.018188432157148052,0.098,0.0098,0.1,0.017770021883666196
6,FedAvg,1.0,2.304999001418488,0.1,0.010004001600640255,0.1,0.018188432157148052,0.10400000000000001,0.010400000000000001,0.1,0.018661759646647243
7,FedAvg,1.0,2.3051133155822754,0.1,0.010004001600640255,0.1,0.018188432157148052,0.10400000000000001,0.010400000000000001,0.1,0.01878956309012329
8,FedAvg,1.0,2.305187062372135,0.1,0.010004001600640255,0.1,0.018188432157148052,0.09,0.009,0.1,0.016471004265739754
9,FedAvg,1.0,2.3051018624366084,0.1,0.010004001600640255,0.1,0.018188432157148052,0.098,0.0098,0.1,0.017770021883666196
10,FedAvg,1.0,2.3053632838816585,0.1,0.010004001600640255,0.1,0.018188432157148052,0.1,0.01,0.1,0.018036142702121467
11,FedAvg,1.0,2.305026546309266,0.1,0.010004001600640255,0.1,0.018188432157148052,0.11599999999999999,0.0116,0.1,0.02067044083307
12,FedAvg,1.0,2.3051338286339482,0.1,0.010004001600640255,0.1,0.018188432157148052,0.096,0.009618181818181819,0.1,0.0175211265119522
13,FedAvg,1.0,2.3049602870699726,0.1,0.010004001600640255,0.1,0.018188432157148052,0.094,0.009414141414141415,0.1,0.01716909194319615
14,FedAvg,1.0,2.3049717794490765,0.1,0.010004001600640255,0.1,0.018188432157148052,0.08800000000000001,0.0088,0.1,0.016167794149445525
15,FedAvg,1.0,2.3050944684426997,0.1,0.010004001600640255,0.1,0.018188432157148052,0.1,0.01,0.1,0.018036142702121467
16,FedAvg,1.0,2.3048745499381535,0.1,0.010004001600640255,0.1,0.018188432157148052,0.1,0.01,0.1,0.018036142702121467
17,FedAvg,1.0,2.3049844699569895,0.1,0.010004001600640255,0.1,0.018188432157148052,0.098,0.0098,0.1,0.0177700218836662
18,FedAvg,1.0,2.304960534542422,0.1,0.010004001600640255,0.1,0.018188432157148052,0.11199999999999999,0.0112,0.1,0.020044823888544228
19,FedAvg,1.0,2.304839897759353,0.1,0.010004001600640255,0.1,0.018188432157148052,0.086,0.0086,0.1,0.015821653616389104
20,FedAvg,1.0,2.305366839034648,0.1,0.010004001600640255,0.1,0.018188432157148052,0.092,0.0092,0.1,0.01678705989152989
21,FedAvg,1.0,2.304767629768275,0.1,0.010004001600640255,0.1,0.018188432157148052,0.11399999999999999,0.011426262626262628,0.1,0.02040196674568709
22,FedAvg,1.0,2.3051835675782795,0.1,0.010004001600640255,0.1,0.018188432157148052,0.10200000000000001,0.010199999999999999,0.1,0.018345704020857098
23,FedAvg,1.0,2.304798379729066,0.1,0.010004001600640255,0.1,0.018188432157148052,0.098,0.009800000000000001,0.1,0.017770021883666196
24,FedAvg,1.0,2.3048251097715355,0.1,0.010004001600640255,0.1,0.018188432157148052,0.094,0.009400000000000002,0.1,0.01715075614158183
25,FedAvg,1.0,2.304715512674066,0.1,0.010004001600640255,0.1,0.018188432157148052,0.09,0.009000000000000001,0.1,0.016471004265739754
26,FedAvg,1.0,2.3048686226712,0.1,0.010004001600640255,0.1,0.018188432157148052,0.10600000000000001,0.0106,0.1,0.019031633884528536
27,FedAvg,1.0,2.3052452093438256,0.1,0.010004001600640255,0.1,0.018188432157148052,0.08600000000000001,0.0086,0.1,0.01583418280665987
28,FedAvg,1.0,2.3049911969824683,0.1,0.010004001600640255,0.1,0.018188432157148052,0.098,0.0098,0.1,0.017702531359335815
29,FedAvg,1.0,2.304875862749317,0.1,0.010004001600640255,0.1,0.018188432157148052,0.082,0.008218181818181819,0.1,0.015178833982743783
30,FedAvg,1.0,2.30503122112419,0.1,0.010004001600640255,0.1,0.018188432157148052,0.084,0.008414141414141414,0.1,0.015506551289829806
31,FedAvg,1.0,2.3052047777779494,0.1,0.010004001600640255,0.1,0.018188432157148052,0.1,0.01,0.1,0.018036142702121467
32,FedAvg,1.0,2.3052401361586172,0.1,0.010004001600640255,0.1,0.018188432157148052,0.092,0.0092,0.1,0.016780881903700532
33,FedAvg,1.0,2.3049405586870413,0.1,0.010004001600640255,0.1,0.018188432157148052,0.10800000000000001,0.010818181818181819,0.1,0.01937191934763263
34,FedAvg,1.0,2.30487811716297,0.1,0.010004001600640255,0.1,0.018188432157148052,0.096,0.009600000000000001,0.1,0.017490545472196847
35,FedAvg,1.0,2.3051180537742906,0.1,0.010004001600640255,0.1,0.018188432157148052,0.11000000000000001,0.011000000000000001,0.1,0.01967494965066293
36,FedAvg,1.0,2.305091658725014,0.1,0.010004001600640255,0.1,0.018188432157148052,0.10200000000000001,0.0102,0.1,0.018345704020857098
37,FedAvg,1.0,2.305401156220255,0.1,0.010004001600640255,0.1,0.018188432157148052,0.12,0.012,0.1,0.021343841506470673
38,FedAvg,1.0,2.3051104605952397,0.1,0.010004001600640255,0.1,0.018188432157148052,0.11599999999999999,0.0116,0.1,0.02067044083307
39,FedAvg,1.0,2.3048603112184547,0.1,0.010004001600640255,0.1,0.018188432157148052,0.10200000000000001,0.0102,0.1,0.018455951747337638
40,FedAvg,1.0,2.3049652757523935,0.1,0.010004001600640255,0.1,0.018188432157148052,0.088,0.0088,0.1,0.016131214935124732
41,FedAvg,1.0,2.304717247999167,0.1,0.010004001600640255,0.1,0.018188432157148052,0.10200000000000001,0.0102,0.1,0.018455951747337634
42,FedAvg,1.0,2.3050987780848637,0.1,0.010004001600640255,0.1,0.018188432157148052,0.096,0.009600000000000001,0.1,0.017490545472196847
43,FedAvg,1.0,2.305064874359324,0.1,0.010004001600640255,0.1,0.018188432157148052,0.1,0.010014141414141415,0.1,0.01806082970617719
44,FedAvg,1.0,2.3052114112467708,0.1,0.010004001600640255,0.1,0.018188432157148052,0.10799999999999998,0.0108,0.1,0.019371423215143554
45,FedAvg,1.0,2.305410671837722,0.1,0.010004001600640255,0.1,0.018188432157148052,0.096,0.009600000000000001,0.1,0.017362742028720797
46,FedAvg,1.0,2.3050094586384446,0.1,0.010004001600640255,0.1,0.018188432157148052,0.10600000000000001,0.010600000000000002,0.1,0.01901910469425777
47,FedAvg,1.0,2.304896004592316,0.1,0.010004001600640255,0.1,0.018188432157148052,0.084,0.008400000000000001,0.1,0.015481864285774086
48,FedAvg,1.0,2.304571245290056,0.1,0.010004001600640255,0.1,0.018188432157148052,0.096,0.009600000000000001,0.1,0.017362742028720797
49,FedAvg,1.0,2.3049585215653043,0.1,0.010004001600640255,0.1,0.018188432157148052,0.10799999999999998,0.0108,0.1,0.019341338307877275
50,FedAvg,1.0,2.3053386211395264,0.1,0.010004001600640255,0.1,0.018188432157148052,0.10600000000000001,0.0106,0.1,0.019025282682087138
51,FedAvg,1.0,2.305242813086208,0.1,0.010004001600640255,0.1,0.018188432157148052,0.098,0.0098,0.1,0.017806601097986985
52,FedAvg,1.0,2.3050938739052302,0.1,0.010004001600640255,0.1,0.018188432157148052,0.098,0.0098,0.1,0.01780660109798699
53,FedAvg,1.0,2.3049156756340703,0.1,0.010004001600640255,0.1,0.018188432157148052,0.094,0.009400000000000002,0.1,0.01712067123431555
54,FedAvg,1.0,2.3050607699382155,0.1,0.010004001600640255,0.1,0.018188432157148052,0.094,0.009400000000000002,0.1,0.01712067123431555
55,FedAvg,1.0,2.3050449830067308,0.1,0.010004001600640255,0.1,0.018188432157148052,0.10400000000000001,0.010400000000000001,0.1,0.018795741077952656
56,FedAvg,1.0,2.3050608393512193,0.1,0.010004001600640255,0.1,0.018188432157148052,0.10600000000000001,0.0106,0.1,0.019001548977262257
57,FedAvg,1.0,2.3051176735117465,0.1,0.010004001600640255,0.1,0.018188432157148052,0.096,0.009600000000000001,0.1,0.017460460564930565
58,FedAvg,1.0,2.3052754673776747,0.1,0.010004001600640255,0.1,0.018188432157148052,0.082,0.0082,0.1,0.01514825294298843
59,FedAvg,1.0,2.3051891387263432,0.1,0.010004001600640255,0.1,0.018188432157148052,0.09,0.009018181818181818,0.098,0.016471004265739754
60,FedAvg,1.0,2.3052045242695867,0.1,0.010004001600640255,0.1,0.018188432157148052,0.10600000000000001,0.010600000000000002,0.1,0.019019104694257775
61,FedAvg,1.0,2.3047805979282043,0.1,0.010004001600640255,0.1,0.018188432157148052,0.10399999999999998,0.010400000000000001,0.1,0.01872207256579291
62,FedAvg,1.0,2.3048810717425767,0.1,0.010004001600640255,0.1,0.018188432157148052,0.11199999999999999,0.011218181818181818,0.1,0.020057849211304067
63,FedAvg,1.0,2.305124512201623,0.1,0.010004001600640255,0.1,0.018188432157148052,0.10800000000000001,0.0108,0.1,0.019341338307877275
64,FedAvg,1.0,2.3049754341946374,0.1,0.010004001600640255,0.1,0.018188432157148052,0.096,0.009600000000000001,0.1,0.017460460564930568
65,FedAvg,1.0,2.3049992820884606,0.1,0.010004001600640255,0.1,0.018188432157148052,0.10400000000000001,0.010400000000000001,0.1,0.018685493351472116
66,FedAvg,1.0,2.304829485808747,0.1,0.010004001600640255,0.1,0.018188432157148052,0.10200000000000001,0.0102,0.1,0.018388461223007253
67,FedAvg,1.0,2.304917993424814,0.1,0.010004001600640255,0.1,0.018188432157148052,0.096,0.009600000000000001,0.1,0.017472989755201333
68,FedAvg,1.0,2.305399568775032,0.1,0.010004001600640255,0.1,0.018188432157148052,0.11600000000000002,0.01161818181818182,0.098,0.02067044083307
69,FedAvg,1.0,2.3049218292477764,0.1,0.010004001600640255,0.1,0.018188432157148052,0.118,0.011800000000000001,0.1,0.021010230163685018
70,FedAvg,1.0,2.3052049950708318,0.1,0.010004001600640255,0.1,0.018188432157148052,0.092,0.009200000000000002,0.1,0.01680461560852541
71,FedAvg,1.0,2.305101228665702,0.1,0.010004001600640255,0.1,0.018188432157148052,0.118,0.0118,0.1,0.02101023016368502
72,FedAvg,1.0,2.304831230187718,0.1,0.010004001600640255,0.1,0.018188432157148052,0.10800000000000001,0.0108,0.1,0.019335160320047916
73,FedAvg,1.0,2.305273502687865,0.1,0.010004001600640255,0.1,0.018188432157148052,0.094,0.009418181818181819,0.1,0.01718133718133718
74,FedAvg,1.0,2.304971055139469,0.1,0.010004001600640255,0.1,0.018188432157148052,0.098,0.0098,0.1,0.017806601097986985
75,FedAvg,1.0,2.305169857001003,0.1,0.010004001600640255,0.1,0.018188432157148052,0.096,0.009600000000000001,0.1,0.017490545472196844
76,FedAvg,1.0,2.304612458506717,0.1,0.010004001600640255,0.1,0.018188432157148052,0.10600000000000001,0.0106,0.1,0.01901910469425777
77,FedAvg,1.0,2.3053140610079224,0.1,0.010004001600640255,0.1,0.018188432157148052,0.098,0.009818181818181818,0.098,0.01770253135933581
78,FedAvg,1.0,2.3053924645049664,0.1,0.010004001600640255,0.1,0.018188432157148052,0.098,0.0098,0.1,0.017702531359335815
79,FedAvg,1.0,2.3049157450470745,0.1,0.010004001600640255,0.1,0.018188432157148052,0.10800000000000001,0.0108,0.1,0.019371423215143558
80,FedAvg,1.0,2.3048625082909306,0.1,0.010004001600640255,0.1,0.018188432157148052,0.098,0.0098,0.1,0.017770021883666196
81,FedAvg,1.0,2.3050504817238338,0.1,0.010004001600640255,0.1,0.018188432157148052,0.082,0.0082,0.1,0.01514825294298843
82,FedAvg,1.0,2.305463220499739,0.1,0.010004001600640255,0.1,0.018188432157148052,0.10200000000000001,0.010199999999999999,0.1,0.018455951747337634
83,FedAvg,1.0,2.3047559200962886,0.1,0.010004001600640255,0.1,0.018188432157148052,0.098,0.0098,0.1,0.017770021883666196
84,FedAvg,1.0,2.3047967138169687,0.1,0.010004001600640255,0.1,0.018188432157148052,0.098,0.0098,0.1,0.01770253135933581
85,FedAvg,1.0,2.304866425598724,0.1,0.010004001600640255,0.1,0.018188432157148052,0.11399999999999999,0.011400000000000002,0.1,0.02032430030001358
86,FedAvg,1.0,2.3050114263462116,0.1,0.010004001600640255,0.1,0.018188432157148052,0.092,0.0092,0.1,0.016810793596354772
87,FedAvg,1.0,2.3050332582449613,0.1,0.010004001600640255,0.1,0.018188432157148052,0.10200000000000001,0.0102,0.1,0.018455951747337634
88,FedAvg,1.0,2.305002882510801,0.1,0.010004001600640255,0.1,0.018188432157148052,0.09,0.009014141414141414,0.1,0.016495691269795474
89,FedAvg,1.0,2.3050295039068294,0.1,0.010004001600640255,0.1,0.018188432157148052,0.1,0.010026262626262626,0.1,0.018157249648075337
90,FedAvg,1.0,2.3048266247857976,0.1,0.010004001600640255,0.1,0.018188432157148052,0.10600000000000001,0.0106,0.1,0.019001548977262257
91,FedAvg,1.0,2.3051661207706116,0.1,0.010004001600640255,0.1,0.018188432157148052,0.1,0.01,0.1,0.018042320689950833
92,FedAvg,1.0,2.304807433599158,0.1,0.010004001600640255,0.1,0.018188432157148052,0.1,0.01,0.1,0.018116162416722616
93,FedAvg,1.0,2.305155775215052,0.1,0.010004001600640255,0.1,0.018188432157148052,0.11399999999999999,0.0114,0.1,0.02033065150245498
94,FedAvg,1.0,2.3050688309005545,0.1,0.010004001600640255,0.1,0.018188432157148052,0.098,0.0098,0.1,0.017702531359335815
95,FedAvg,1.0,2.304806319973137,0.1,0.010004001600640255,0.1,0.018188432157148052,0.08600000000000001,0.0086,0.1,0.015821653616389104
96,FedAvg,1.0,2.3051325580741784,0.1,0.010004001600640255,0.1,0.018188432157148052,0.10999999999999999,0.011000000000000001,0.1,0.0196874788409337
97,FedAvg,1.0,2.3051473551158663,0.1,0.010004001600640255,0.1,0.018188432157148052,0.088,0.0088,0.1,0.016131214935124732
98,FedAvg,1.0,2.305099182491061,0.1,0.010004001600640255,0.1,0.018188432157148052,0.098,0.0098,0.1,0.017702531359335815
99,FedAvg,1.0,2.305021234705478,0.1,0.010004001600640255,0.1,0.018188432157148052,0.10600000000000001,0.010600000000000002,0.1,0.019001548977262257
100,FedAvg,1.0,2.3048536023007165,0.1,0.010004001600640255,0.1,0.018188432157148052,0.10199999999999998,0.0102,0.1,0.018455951747337634
1,FedAvg,2.0,2.306232443338708,0.1001,0.026673671570099068,0.1001,0.018392202954383225,0.1,0.019969544693162786,0.10105263157894738,0.02000098010889372
2,FedAvg,2.0,2.3066582860825937,0.1001,0.026673671570099068,0.1001,0.018392202954383225,0.107,0.020635353535353534,0.10117647058823531,0.021288015377232107
3,FedAvg,2.0,2.3061563787581045,0.1001,0.026673671570099068,0.1001,0.018392202954383225,0.095,0.01943681031419725,0.10142857142857145,0.019658315276816742
4,FedAvg,2.0,2.30596794961374,0.1001,0.026673671570099068,0.1001,0.018392202954383225,0.102,0.0499889258114394,0.1033603238866397,0.02433996301100557
5,FedAvg,2.0,2.3062857736515094,0.1001,0.026673671570099068,0.1001,0.018392202954383225,0.09200000000000001,0.01917669153850058,0.10076923076923079,0.01817497542859881
6,FedAvg,2.0,2.305988972700095,0.1001,0.026673671570099068,0.1001,0.018392202954383225,0.089,0.00892166895081468,0.10000000000000002,0.016341421368944304
7,FedAvg,2.0,2.306599194490457,0.1001,0.026673671570099068,0.1001,0.018392202954383225,0.10900000000000001,0.02750398845401779,0.10242857142857145,0.02367821468921944
8,FedAvg,2.0,2.306377658361121,0.1001,0.026673671570099068,0.1001,0.018392202954383225,0.109,0.04733945647326,0.10223193473193475,0.024866195280977058
9,FedAvg,2.0,2.306049618539931,0.1001,0.026673671570099068,0.1001,0.018392202954383225,0.102,0.03507963700174755,0.10230769230769232,0.022071164652529257
10,FedAvg,2.0,2.3059457555601868,0.1001,0.026673671570099068,0.1001,0.018392202954383225,0.107,0.04040076697650279,0.1042730953257269,0.02761213650526108
11,FedAvg,2.0,2.306355322463603,0.1001,0.026673671570099068,0.1001,0.018392202954383225,0.108,0.020741825288056442,0.10076923076923079,0.020794801768809976
12,FedAvg,2.0,2.3060262203216553,0.1001,0.026673671570099068,0.1001,0.018392202954383225,0.09600000000000002,0.034461987219130075,0.10205263157894738,0.020845357698064133
13,FedAvg,2.0,2.306664656989182,0.1001,0.026673671570099068,0.1001,0.018392202954383225,0.11099999999999999,0.021046347901121767,0.10076923076923078,0.021281342296048177
14,FedAvg,2.0,2.3061066367958167,0.1001,0.026673671570099068,0.1001,0.018392202954383225,0.10500000000000001,0.010533780011166947,0.10000000000000002,0.019021871186254747
15,FedAvg,2.0,2.306371734112124,0.1001,0.026673671570099068,0.1001,0.018392202954383225,0.09300000000000001,0.009331714126186488,0.09833333333333336,0.01699168991153145
16,FedAvg,2.0,2.3062921566299246,0.1001,0.026673671570099068,0.1001,0.018392202954383225,0.09499999999999999,0.009518592964824121,0.10000000000000002,0.017313711247556745
17,FedAvg,2.0,2.3062492805191233,0.1001,0.026673671570099068,0.1001,0.018392202954383225,0.097,0.009726633165829146,0.10000000000000002,0.01770742058387918
18,FedAvg,2.0,2.3063485290430767,0.1001,0.026673671570099068,0.1001,0.018392202954383225,0.10400000000000001,0.01041859296482412,0.10000000000000002,0.01877949184813762
19,FedAvg,2.0,2.306218998341621,0.1001,0.026673671570099068,0.1001,0.018392202954383225,0.098,0.02975087051418709,0.10153846153846155,0.02060325677390661
20,FedAvg,2.0,2.3067121898071674,0.1001,0.026673671570099068,0.1001,0.018392202954383225,0.094,0.01936348408710218,0.10153846153846156,0.01973635241722177
21,FedAvg,2.0,2.306678554679774,0.1001,0.026673671570099068,0.1001,0.018392202954383225,0.1,0.010073184102329831,0.10000000000000002,0.018263949964030975
22,FedAvg,2.0,2.3065137501004376,0.1001,0.026673671570099068,0.1001,0.018392202954383225,0.106,0.050382214100807066,0.10336032388663968,0.024866662731319673
23,FedAvg,2.0,2.3060617537438115,0.1001,0.026673671570099068,0.1001,0.018392202954383225,0.10600000000000001,0.033719208770097736,0.1040769230769231,0.02560058093073685
24,FedAvg,2.0,2.306124708320521,0.1001,0.026673671570099068,0.1001,0.018392202954383225,0.10500000000000001,0.030465663342091165,0.10105263157894738,0.02092145701645858
25,FedAvg,2.0,2.306205185153816,0.1001,0.026673671570099068,0.1001,0.018392202954383225,0.097,0.029677256198440805,0.10153846153846156,0.020421106412817216
26,FedAvg,2.0,2.3061762731286546,0.1001,0.026673671570099068,0.1001,0.018392202954383225,0.098,0.022987535250987026,0.1030769230769231,0.022589245900418452
27,FedAvg,2.0,2.3060326546053345,0.1001,0.026673671570099068,0.1001,0.018392202954383225,0.103,0.020275701741028378,0.10142857142857144,0.021098118119876576
28,FedAvg,2.0,2.306420030473154,0.1001,0.026673671570099068,0.1001,0.018392202954383225,0.09699999999999999,0.029667113344500277,0.10076923076923079,0.019031730470986653
29,FedAvg,2.0,2.3060718638987483,0.1001,0.026673671570099068,0.1001,0.018392202954383225,0.111,0.04408892987456581,0.10550549450549451,0.02880175445534182
30,FedAvg,2.0,2.3064731646187697,0.1001,0.026673671570099068,0.1001,0.018392202954383225,0.10400000000000001,0.05026394599258921,0.10205263157894738,0.022428106871089825
31,FedAvg,2.0,2.3064689455153067,0.1001,0.026673671570099068,0.1001,0.018392202954383225,0.10800000000000001,0.03073979493426729,0.10142857142857145,0.022018409122872735
32,FedAvg,2.0,2.3064797648900672,0.1001,0.026673671570099068,0.1001,0.018392202954383225,0.101,0.020063022181615146,0.10083333333333333,0.01978598671340607
33,FedAvg,2.0,2.3062547158591356,0.1001,0.026673671570099068,0.1001,0.018392202954383225,0.109,0.01754236495506296,0.10066889632107025,0.022081333490143094
34,FedAvg,2.0,2.3064036520221567,0.1001,0.026673671570099068,0.1001,0.018392202954383225,0.107,0.02390308268512743,0.1030769230769231,0.024070567723742362
35,FedAvg,2.0,2.3061651459223107,0.1001,0.026673671570099068,0.1001,0.018392202954383225,0.10400000000000001,0.030356664030813964,0.10105263157894738,0.020716122794252417
36,FedAvg,2.0,2.306264047381244,0.1001,0.026673671570099068,0.1001,0.018392202954383225,0.101,0.023311789063762127,0.10200000000000002,0.02153269263174686
37,FedAvg,2.0,2.3067958958541293,0.1001,0.026673671570099068,0.1001,0.018392202954383225,0.093,0.009328140703517588,0.10000000000000002,0.01698975992417909
38,FedAvg,2.0,2.305951836742932,0.1001,0.026673671570099068,0.1001,0.018392202954383225,0.095,0.02604928985284315,0.10230769230769232,0.021027986152749298
39,FedAvg,2.0,2.306423093699202,0.1001,0.026673671570099068,0.1001,0.018392202954383225,0.105,0.010529145728643215,0.10000000000000002,0.019030801108930732
40,FedAvg,2.0,2.306558319284946,0.1001,0.026673671570099068,0.1001,0.018392202954383225,0.094,0.029097038561546665,0.10302968960863698,0.024075683929549646
41,FedAvg,2.0,2.306197754944427,0.1001,0.026673671570099068,0.1001,0.018392202954383225,0.1,0.010039292421704482,0.10000000000000002,0.01820958435759195
42,FedAvg,2.0,2.306036988391152,0.1001,0.026673671570099068,0.1001,0.018392202954383225,0.101,0.010124365482233503,0.10000000000000002,0.018347771746522967
43,FedAvg,2.0,2.306592757188821,0.1001,0.026673671570099068,0.1001,0.018392202954383225,0.105,0.010553976955484493,0.10000000000000002,0.019070247132704696
44,FedAvg,2.0,2.306658983230591,0.1001,0.026673671570099068,0.1001,0.018392202954383225,0.09899999999999999,0.02987614841886199,0.10076923076923078,0.0193681995021715
45,FedAvg,2.0,2.3064670321307603,0.1001,0.026673671570099068,0.1001,0.018392202954383225,0.10400000000000001,0.020373764221816672,0.10153846153846156,0.021429950753278713
46,FedAvg,2.0,2.3066074274763277,0.1001,0.026673671570099068,0.1001,0.018392202954383225,0.107,0.040487691498100685,0.10293859649122808,0.024308430925253355
47,FedAvg,2.0,2.3064154341251037,0.1001,0.026673671570099068,0.1001,0.018392202954383225,0.11099999999999999,0.04423430051254233,0.1027692307692308,0.024570523397874258
48,FedAvg,2.0,2.3065954854216755,0.1001,0.026673671570099068,0.1001,0.018392202954383225,0.101,0.016726345231773392,0.10142857142857145,0.020607818777697323
49,FedAvg,2.0,2.3064932793001587,0.1001,0.026673671570099068,0.1001,0.018392202954383225,0.106,0.02059641642556215,0.10076923076923078,0.020552665026626234
50,FedAvg,2.0,2.3064308890813514,0.1001,0.026673671570099068,0.1001,0.018392202954383225,0.096,0.016216828180279957,0.10153846153846156,0.019865459365051512
51,FedAvg,2.0,2.3063522652734685,0.1001,0.026673671570099068,0.1001,0.018392202954383225,0.093,0.009335231714126186,0.09833333333333334,0.016969383210208897
52,FedAvg,2.0,2.3060393273075923,0.1001,0.026673671570099068,0.1001,0.018392202954383225,0.093,0.019274358100299992,0.10153846153846156,0.019592980437426327
53,FedAvg,2.0,2.3064510097986535,0.1001,0.026673671570099068,0.1001,0.018392202954383225,0.103,0.03683662559838108,0.10259109311740891,0.02293689861594567
54,FedAvg,2.0,2.306419879575319,0.1001,0.026673671570099068,0.1001,0.018392202954383225,0.098,0.019743875945383484,0.10117647058823531,0.01976497471276758
55,FedAvg,2.0,2.3062891628168805,0.1001,0.026673671570099068,0.1001,0.018392202954383225,0.09899999999999999,0.014857946815089673,0.10142857142857144,0.020094883993691432
56,FedAvg,2.0,2.3063822667809983,0.1001,0.026673671570099068,0.1001,0.018392202954383225,0.10800000000000001,0.03073015075376884,0.10153846153846155,0.02220462141392374
57,FedAvg,2.0,2.3059433743923523,0.1001,0.026673671570099068,0.1001,0.018392202954383225,0.102,0.03006353992183138,0.10230769230769232,0.022355147393309252
58,FedAvg,2.0,2.3062902553172053,0.1001,0.026673671570099068,0.1001,0.018392202954383225,0.108,0.015776587016716234,0.10076923076923078,0.020699758703148986
59,FedAvg,2.0,2.306643516202516,0.1001,0.026673671570099068,0.1001,0.018392202954383225,0.09400000000000001,0.02261461053671271,0.10307692307692308,0.021909096611127627
60,FedAvg,2.0,2.306540972069849,0.1001,0.026673671570099068,0.1001,0.018392202954383225,0.09,0.009069521074761564,0.10000000000000002,0.016576824403225627
61,FedAvg,2.0,2.3059065915361234,0.1001,0.026673671570099068,0.1001,0.018392202954383225,0.102,0.010251592990332374,0.10000000000000002,0.018580675056135636
62,FedAvg,2.0,2.306906796708892,0.1001,0.026673671570099068,0.1001,0.018392202954383225,0.10500000000000001,0.030472779500228933,0.101,0.020772313125005836
63,FedAvg,2.0,2.3061584852918795,0.1001,0.026673671570099068,0.1001,0.018392202954383225,0.1,0.02994884016039795,0.10142857142857145,0.02069094347486975
64,FedAvg,2.0,2.306083534337297,0.1001,0.026673671570099068,0.1001,0.018392202954383225,0.096,0.01954583523679001,0.10153846153846156,0.02002581994839546
65,FedAvg,2.0,2.306707877147047,0.1001,0.026673671570099068,0.1001,0.018392202954383225,0.102,0.010263627139440215,0.10000000000000002,0.018525272897602325
66,FedAvg,2.0,2.3060428703887554,0.1001,0.026673671570099068,0.1001,0.018392202954383225,0.09700000000000002,0.03948043947368489,0.10291721132897605,0.02254014167404002
67,FedAvg,2.0,2.306516357615024,0.1001,0.026673671570099068,0.1001,0.018392202954383225,0.10200000000000001,0.06995787015887517,0.10396703296703297,0.025505904048986946
68,FedAvg,2.0,2.306171299536017,0.1001,0.026673671570099068,0.1001,0.018392202954383225,0.10200000000000001,0.016836502076603598,0.10105263157894738,0.020239626509958794
69,FedAvg,2.0,2.306366205215454,0.1001,0.026673671570099068,0.1001,0.018392202954383225,0.10500000000000001,0.020463935840820263,0.10076923076923079,0.02033237005922457
70,FedAvg,2.0,2.3064544351795053,0.1001,0.026673671570099068,0.1001,0.018392202954383225,0.101,0.020084896100252072,0.10105263157894738,0.020187482913245035
71,FedAvg,2.0,2.3058025293712374,0.1001,0.026673671570099068,0.1001,0.018392202954383225,0.11000000000000001,0.034114721456330516,0.10328173374613005,0.025182614403428446
72,FedAvg,2.0,2.3058877987197683,0.1001,0.026673671570099068,0.1001,0.018392202954383225,0.1,0.029987915787727023,0.10153846153846155,0.020945762864781597
73,FedAvg,2.0,2.306512069098557,0.1001,0.026673671570099068,0.1001,0.018392202954383225,0.112,0.040964544946957004,0.10384615384615385,0.026504734375026283
74,FedAvg,2.0,2.306244315980356,0.1001,0.026673671570099068,0.1001,0.018392202954383225,0.096,0.009615075376884422,0.10000000000000002,0.017444705718669944
75,FedAvg,2.0,2.3062188534796992,0.1001,0.026673671570099068,0.1001,0.018392202954383225,0.09499999999999999,0.02940316874327026,0.10230769230769232,0.021230606103678124
76,FedAvg,2.0,2.3061523709116103,0.1001,0.026673671570099068,0.1001,0.018392202954383225,0.107,0.020679372996861456,0.10153846153846156,0.021942013050379183
77,FedAvg,2.0,2.3065283841724638,0.1001,0.026673671570099068,0.1001,0.018392202954383225,0.10099999999999999,0.01019237602152175,0.0990909090909091,0.018455391949694006
78,FedAvg,2.0,2.306090810630895,0.1001,0.026673671570099068,0.1001,0.018392202954383225,0.096,0.022822817878553406,0.10153846153846156,0.020070792888549054
79,FedAvg,2.0,2.30668435217459,0.1001,0.026673671570099068,0.1001,0.018392202954383225,0.109,0.01756050723624306,0.1000909090909091,0.021334776830011806
80,FedAvg,2.0,2.3062313749820373,0.1001,0.026673671570099068,0.1001,0.018392202954383225,0.10099999999999999,0.010220681294542261,0.0982608695652174,0.01847580875601495
81,FedAvg,2.0,2.3060798282864727,0.1001,0.026673671570099068,0.1001,0.018392202954383225,0.10699999999999998,0.020662022232373987,0.10076923076923079,0.020674370116495356
82,FedAvg,2.0,2.306730744204944,0.1001,0.026673671570099068,0.1001,0.018392202954383225,0.09400000000000001,0.03917719912694787,0.10067451935300907,0.021595550727199965
83,FedAvg,2.0,2.306253943262221,0.1001,0.026673671570099068,0.1001,0.018392202954383225,0.08900000000000001,0.02888512341132585,0.10105263157894738,0.01826737770139665
84,FedAvg,2.0,2.306253261204007,0.1001,0.026673671570099068,0.1001,0.018392202954383225,0.085,0.00856124186022663,0.09888888888888889,0.015720804971519124
85,FedAvg,2.0,2.306050327759755,0.1001,0.026673671570099068,0.1001,0.018392202954383225,0.09899999999999999,0.00994993655144409,0.10000000000000002,0.017999151746090025
86,FedAvg,2.0,2.306144675122032,0.1001,0.026673671570099068,0.1001,0.018392202954383225,0.102,0.030051383178518857,0.10200000000000001,0.021858917993722995
87,FedAvg,2.0,2.3061654175384136,0.1001,0.026673671570099068,0.1001,0.018392202954383225,0.107,0.023943075888080097,0.10113043478260872,0.022620558762610425
88,FedAvg,2.0,2.3064339523073993,0.1001,0.026673671570099068,0.1001,0.018392202954383225,0.09000000000000001,0.028997900803903257,0.09910256410256411,0.017922557001326698
89,FedAvg,2.0,2.3063298841066,0.1001,0.026673671570099068,0.1001,0.018392202954383225,0.089,0.02884783513527232,0.10014354066985647,0.01820330476869806
90,FedAvg,2.0,2.3065810595886616,0.1001,0.026673671570099068,0.1001,0.018392202954383225,0.102,0.01026801353707312,0.10000000000000002,0.018584880036714897
91,FedAvg,2.0,2.3062370004533213,0.1001,0.026673671570099068,0.1001,0.018392202954383225,0.095,0.009509045226130655,0.10000000000000002,0.01729779235014985
92,FedAvg,2.0,2.30647707589065,0.1001,0.026673671570099068,0.1001,0.018392202954383225,0.097,0.01966258057966601,0.10142857142857145,0.020044360341324292
93,FedAvg,2.0,2.3063149331491206,0.1001,0.026673671570099068,0.1001,0.018392202954383225,0.094,0.009505527354765933,0.09833333333333336,0.01726800330493901
94,FedAvg,2.0,2.3063891296145282,0.1001,0.026673671570099068,0.1001,0.018392202954383225,0.10000000000000002,0.01004135830668494,0.09833333333333336,0.01814944767775326
95,FedAvg,2.0,2.306177854537964,0.1001,0.026673671570099068,0.1001,0.018392202954383225,0.1,0.01001708542713568,0.10000000000000002,0.018167473812415944
96,FedAvg,2.0,2.306127644792388,0.1001,0.026673671570099068,0.1001,0.018392202954383225,0.092,0.03409275816310992,0.10069347319347322,0.019503199868465496
97,FedAvg,2.0,2.3065052636062044,0.1001,0.026673671570099068,0.1001,0.018392202954383225,0.10400000000000001,0.05023978985838282,0.10248120300751881,0.02321654166318329
98,FedAvg,2.0,2.306835651397705,0.1001,0.026673671570099068,0.1001,0.018392202954383225,0.099,0.023100666564118338,0.10307692307692308,0.0227744821939418
99,FedAvg,2.0,2.306668529027625,0.1001,0.026673671570099068,0.1001,0.018392202954383225,0.095,0.029490002440031773,0.1011764705882353,0.019475423730597616
100,FedAvg,2.0,2.306396653380575,0.1001,0.026673671570099068,0.1001,0.018392202954383225,0.10800000000000001,0.03560689450136687,0.10353846153846155,0.025118940721170695
1,FedAvg,4.0,2.30531645726554,0.0972,0.010724336392098946,0.0972,0.01838363629440478,0.0905,0.012342141905564093,0.09665047351022961,0.018158364913526844
2,FedAvg,4.0,2.3055625897419603,0.0972,0.010724336392098946,0.0972,0.01838363629440478,0.091,0.01827687815257388,0.09696999726386037,0.02027710172973605
3,FedAvg,4.0,2.3051143145259423,0.0972,0.010724336392098946,0.0972,0.01838363629440478,0.09549999999999999,0.012244335953873142,0.09620290235160416,0.01837186925630602
4,FedAvg,4.0,2.305225444745414,0.0972,0.010724336392098946,0.0972,0.01838363629440478,0.10750000000000001,0.011005425879358408,0.09533480437852274,0.01970987624714897
5,FedAvg,4.0,2.305073113381108,0.0972,0.010724336392098946,0.0972,0.01838363629440478,0.0975,0.013605556588748808,0.0953171243033185,0.01940987381600111
6,FedAvg,4.0,2.305732141567182,0.0972,0.010724336392098946,0.0972,0.01838363629440478,0.105,0.014038419067306246,0.09887922895357987,0.020681941771963384
7,FedAvg,4.0,2.30552141274078,0.0972,0.010724336392098946,0.0972,0.01838363629440478,0.0885,0.011063272051410184,0.09504499565475175,0.01744538323230984
8,FedAvg,4.0,2.3055975588062143,0.0972,0.010724336392098946,0.0972,0.01838363629440478,0.1055,0.018746129474173954,0.09649260450782059,0.022568459235796152
9,FedAvg,4.0,2.3055551384068744,0.0972,0.010724336392098946,0.0972,0.01838363629440478,0.096,0.009868744577668974,0.09523118279569892,0.017848852986302205
10,FedAvg,4.0,2.305684874329386,0.0972,0.010724336392098946,0.0972,0.01838363629440478,0.093,0.016974916231858775,0.0994148356884206,0.01948792994573235
11,FedAvg,4.0,2.305523887465272,0.0972,0.010724336392098946,0.0972,0.01838363629440478,0.09699999999999999,0.01578401399220923,0.09977987188962799,0.020370822472858097
12,FedAvg,4.0,2.3053135600271104,0.0972,0.010724336392098946,0.0972,0.01838363629440478,0.097,0.0121762394153999,0.09723015873015874,0.01878433390338854
13,FedAvg,4.0,2.3055215666565716,0.0972,0.010724336392098946,0.0972,0.01838363629440478,0.1055,0.014088641062209932,0.09618435082468378,0.020686470459782065
14,FedAvg,4.0,2.3054482997218266,0.0972,0.010724336392098946,0.0972,0.01838363629440478,0.093,0.014815952480503155,0.09865598597162442,0.019795623528698864
15,FedAvg,4.0,2.3055323799954186,0.0972,0.010724336392098946,0.0972,0.01838363629440478,0.1,0.012704271534100895,0.09478809672712113,0.019219475113005962
16,FedAvg,4.0,2.3052427436732037,0.0972,0.010724336392098946,0.0972,0.01838363629440478,0.1,0.012733297743626715,0.09800793650793652,0.01984555105679462
17,FedAvg,4.0,2.305624288848684,0.0972,0.010724336392098946,0.0972,0.01838363629440478,0.09449999999999999,0.015721807114557684,0.09962101787101788,0.019100245032692694
18,FedAvg,4.0,2.3054645906520794,0.0972,0.010724336392098946,0.0972,0.01838363629440478,0.111,0.01464672889400207,0.09735755557016487,0.021714012284084157
19,FedAvg,4.0,2.3053895551947097,0.0972,0.010724336392098946,0.0972,0.01838363629440478,0.0955,0.011300008383884308,0.09526202711488031,0.018292292463368942
20,FedAvg,4.0,2.305551559110231,0.0972,0.010724336392098946,0.0972,0.01838363629440478,0.0875,0.015228487274998901,0.09806097674508374,0.019073901904132554
21,FedAvg,4.0,2.305470463595813,0.0972,0.010724336392098946,0.0972,0.01838363629440478,0.096,0.01307041492644018,0.09506263995642437,0.019103352778998738
22,FedAvg,4.0,2.305543196352222,0.0972,0.010724336392098946,0.0972,0.01838363629440478,0.09650000000000002,0.009876720459408642,0.0955870748711032,0.01787737500723561
23,FedAvg,4.0,2.3050262535674664,0.0972,0.010724336392098946,0.0972,0.01838363629440478,0.091,0.014495453075577496,0.09697222222222224,0.01818921257003433
24,FedAvg,4.0,2.305660917789121,0.0972,0.010724336392098946,0.0972,0.01838363629440478,0.11,0.012822037763345728,0.0973164605630091,0.020927374820512965
25,FedAvg,4.0,2.3055568646781053,0.0972,0.010724336392098946,0.0972,0.01838363629440478,0.0855,0.01310498790626865,0.09489166976480115,0.017318076181475083
26,FedAvg,4.0,2.3052458491506456,0.0972,0.010724336392098946,0.0972,0.01838363629440478,0.10749999999999998,0.014215337226199413,0.09385329695615015,0.02113044055414392
27,FedAvg,4.0,2.3054954794388784,0.0972,0.010724336392098946,0.0972,0.01838363629440478,0.0935,0.009614394215884765,0.09415839414458835,0.017381145645123133
28,FedAvg,4.0,2.3051568224460266,0.0972,0.010724336392098946,0.0972,0.01838363629440478,0.09799999999999999,0.015431835570745742,0.09945800544903843,0.02057474055974571
29,FedAvg,4.0,2.3057391915140273,0.0972,0.010724336392098946,0.0972,0.01838363629440478,0.0955,0.013457568629207679,0.09534835400197321,0.019225965592092352
30,FedAvg,4.0,2.3053294948384733,0.0972,0.010724336392098946,0.0972,0.01838363629440478,0.098,0.015447127027506653,0.09730158693001055,0.020073432785581814
31,FedAvg,4.0,2.3054818533643893,0.0972,0.010724336392098946,0.0972,0.01838363629440478,0.098,0.010139790300017357,0.09360246422545089,0.01822753066099169
32,FedAvg,4.0,2.3056228492833393,0.0972,0.010724336392098946,0.0972,0.01838363629440478,0.08549999999999999,0.008797177062447984,0.0944982319018511,0.01606371136831298
33,FedAvg,4.0,2.3054749271537682,0.0972,0.010724336392098946,0.0972,0.01838363629440478,0.09749999999999999,0.011393297593615083,0.09457487913740975,0.01861506587298616
34,FedAvg,4.0,2.305378129210653,0.0972,0.010724336392098946,0.0972,0.01838363629440478,0.0945,0.01358110653977579,0.09526765947535139,0.019451505476011575
35,FedAvg,4.0,2.3058970910084398,0.0972,0.010724336392098946,0.0972,0.01838363629440478,0.11,0.016160515661105313,0.09608127199137922,0.021457473436929247
36,FedAvg,4.0,2.305415102198154,0.0972,0.010724336392098946,0.0972,0.01838363629440478,0.0965,0.012638813368210771,0.09522993140221811,0.01914383887009316
37,FedAvg,4.0,2.3054921747762944,0.0972,0.010724336392098946,0.0972,0.01838363629440478,0.1015,0.01729026761012362,0.09931729344571708,0.021632450246888705
38,FedAvg,4.0,2.305672343773178,0.0972,0.010724336392098946,0.0972,0.01838363629440478,0.10400000000000001,0.014825206805939085,0.09670454177544123,0.0205469459555409
39,FedAvg,4.0,2.3052188837075533,0.0972,0.010724336392098946,0.0972,0.01838363629440478,0.0885,0.011055131389875761,0.09456994917305182,0.01718542051489702
40,FedAvg,4.0,2.305577761010279,0.0972,0.010724336392098946,0.0972,0.01838363629440478,0.0925,0.009455824261402597,0.09503049525000745,0.017166882280158
41,FedAvg,4.0,2.305637247954743,0.0972,0.010724336392098946,0.0972,0.01838363629440478,0.099,0.015967678780695514,0.09632259001161439,0.020324142539350096
42,FedAvg,4.0,2.3058754281152654,0.0972,0.010724336392098946,0.0972,0.01838363629440478,0.09399999999999999,0.0146387008989197,0.09622396272222668,0.019430595053665553
43,FedAvg,4.0,2.305245148984692,0.0972,0.010724336392098946,0.0972,0.01838363629440478,0.09099999999999998,0.015954330386953812,0.09783532154120389,0.019372278131151287
44,FedAvg,4.0,2.3053517462332036,0.0972,0.010724336392098946,0.0972,0.01838363629440478,0.09899999999999999,0.012619511911534539,0.09635772357723578,0.019672072382128727
45,FedAvg,4.0,2.305628266515611,0.0972,0.010724336392098946,0.0972,0.01838363629440478,0.09800000000000002,0.020051232289009523,0.09892790670494307,0.02078781167929523
46,FedAvg,4.0,2.3059600968904133,0.0972,0.010724336392098946,0.0972,0.01838363629440478,0.098,0.012862426629445901,0.0948041224882295,0.01882971209792987
47,FedAvg,4.0,2.3054125127913077,0.0972,0.010724336392098946,0.0972,0.01838363629440478,0.10350000000000001,0.01922864598499096,0.09924586373896084,0.022840818169314433
48,FedAvg,4.0,2.305530825747719,0.0972,0.010724336392098946,0.0972,0.01838363629440478,0.08449999999999999,0.012596863055747885,0.09467713836124537,0.017100978935140523
49,FedAvg,4.0,2.305430563190315,0.0972,0.010724336392098946,0.0972,0.01838363629440478,0.088,0.013372700799271017,0.09615931111898854,0.01768322094028388
50,FedAvg,4.0,2.3052864165245732,0.0972,0.010724336392098946,0.0972,0.01838363629440478,0.09699999999999999,0.01864048978038226,0.09893553096428273,0.02150298194947003
51,FedAvg,4.0,2.3057846932471553,0.0972,0.010724336392098946,0.0972,0.01838363629440478,0.0945,0.014308751305129652,0.09652409988385599,0.018985786604382257
52,FedAvg,4.0,2.3054849105545236,0.0972,0.010724336392098946,0.0972,0.01838363629440478,0.088,0.010923288696383768,0.09592962592962592,0.017211388686072603
53,FedAvg,4.0,2.3052327089671847,0.0972,0.010724336392098946,0.0972,0.01838363629440478,0.09150000000000001,0.012934419832399721,0.09530155752106972,0.018976714513556616
54,FedAvg,4.0,2.305335123327714,0.0972,0.010724336392098946,0.0972,0.01838363629440478,0.09850000000000002,0.011720976850309596,0.09489615533517973,0.019119538433566084
55,FedAvg,4.0,2.3056003292904625,0.0972,0.010724336392098946,0.0972,0.01838363629440478,0.08700000000000001,0.011382525212882355,0.09778319896730596,0.01722402242887382
56,FedAvg,4.0,2.305566253541391,0.0972,0.010724336392098946,0.0972,0.01838363629440478,0.0965,0.014193986945179014,0.09591753774680603,0.01921329532331057
57,FedAvg,4.0,2.3058091507682317,0.0972,0.010724336392098946,0.0972,0.01838363629440478,0.098,0.012625892436634123,0.0980805265195509,0.019447490122137357
58,FedAvg,4.0,2.3055812467502643,0.0972,0.010724336392098946,0.0972,0.01838363629440478,0.1035,0.012655171769786608,0.0940824165990986,0.01987181440590836
59,FedAvg,4.0,2.305732579170903,0.0972,0.010724336392098946,0.0972,0.01838363629440478,0.094,0.011868642496371038,0.09811536972512581,0.018322088240019314
60,FedAvg,4.0,2.3058441319043124,0.0972,0.010724336392098946,0.0972,0.01838363629440478,0.10700000000000001,0.012140235663019175,0.09443409473126456,0.0203137649344934
61,FedAvg,4.0,2.3055670563178725,0.0972,0.010724336392098946,0.0972,0.01838363629440478,0.1025,0.010531787821960235,0.09695562516185113,0.018952334780400905
62,FedAvg,4.0,2.3055396623249296,0.0972,0.010724336392098946,0.0972,0.01838363629440478,0.086,0.011296103238977092,0.09632396375807077,0.016798134353105083
63,FedAvg,4.0,2.3053347702267803,0.0972,0.010724336392098946,0.0972,0.01838363629440478,0.10950000000000001,0.012664785303380088,0.09600475533057216,0.02082718397731313
64,FedAvg,4.0,2.3054005586648287,0.0972,0.010724336392098946,0.0972,0.01838363629440478,0.08400000000000002,0.010022526998967314,0.09640593823520653,0.016464879273482114
65,FedAvg,4.0,2.305786630775355,0.0972,0.010724336392098946,0.0972,0.01838363629440478,0.0925,0.011132938006493029,0.09654819976771196,0.017939721562779936
66,FedAvg,4.0,2.305219604999204,0.0972,0.010724336392098946,0.0972,0.01838363629440478,0.0895,0.011649242287448118,0.09511491196975068,0.017347116330474054
67,FedAvg,4.0,2.3058066669898696,0.0972,0.010724336392098946,0.0972,0.01838363629440478,0.107,0.014663959363448479,0.09741047231900891,0.02091217764297778
68,FedAvg,4.0,2.3054607910445974,0.0972,0.010724336392098946,0.0972,0.01838363629440478,0.0975,0.016065229808104504,0.09757414656724367,0.020307491710091757
69,FedAvg,4.0,2.305464515203162,0.0972,0.010724336392098946,0.0972,0.01838363629440478,0.10149999999999999,0.010440275199753915,0.09606829169326386,0.018780379463038063
70,FedAvg,4.0,2.3056341092797776,0.0972,0.010724336392098946,0.0972,0.01838363629440478,0.091,0.00934445380500752,0.09327973224432706,0.016962817008125585
71,FedAvg,4.0,2.3053803896602196,0.0972,0.010724336392098946,0.0972,0.01838363629440478,0.09850000000000002,0.012913972790411041,0.09477183408583065,0.019461983128309896
72,FedAvg,4.0,2.3057520178299917,0.0972,0.010724336392098946,0.0972,0.01838363629440478,0.09200000000000001,0.017330034664587678,0.10136002886002887,0.020516747316852678
73,FedAvg,4.0,2.30536965177029,0.0972,0.010724336392098946,0.0972,0.01838363629440478,0.0975,0.014862060645932118,0.09831002052608129,0.019893836595796643
74,FedAvg,4.0,2.305542822125592,0.0972,0.010724336392098946,0.0972,0.01838363629440478,0.0945,0.012650711431632674,0.09379308880646409,0.018825866637087317
75,FedAvg,4.0,2.305713037901287,0.0972,0.010724336392098946,0.0972,0.01838363629440478,0.105,0.010787172217882153,0.09352740341419585,0.01931525662498284
76,FedAvg,4.0,2.3053697302371643,0.0972,0.010724336392098946,0.0972,0.01838363629440478,0.09350000000000001,0.012769096825112243,0.0938435927216415,0.01874670150912407
77,FedAvg,4.0,2.3054548667956003,0.0972,0.010724336392098946,0.0972,0.01838363629440478,0.0995,0.010197498568589418,0.09371176926054976,0.018377386688683925
78,FedAvg,4.0,2.305695684650276,0.0972,0.010724336392098946,0.0972,0.01838363629440478,0.09650000000000002,0.017375112495910745,0.09815062625546496,0.021070571498742925
79,FedAvg,4.0,2.305581639084635,0.0972,0.010724336392098946,0.0972,0.01838363629440478,0.0915,0.015379559848384685,0.09879026439510312,0.019119893229709445
80,FedAvg,4.0,2.305261008347137,0.0972,0.010724336392098946,0.0972,0.01838363629440478,0.09,0.009249835264909707,0.09730947913874743,0.016870779213654444
81,FedAvg,4.0,2.305607346039784,0.0972,0.010724336392098946,0.0972,0.01838363629440478,0.0985,0.011196251799978574,0.09583316532626242,0.01893540408162628
82,FedAvg,4.0,2.3058402900454364,0.0972,0.010724336392098946,0.0972,0.01838363629440478,0.09799999999999999,0.012269234837062777,0.09612348814707306,0.01882980550722539
83,FedAvg,4.0,2.3053265462947796,0.0972,0.010724336392098946,0.0972,0.01838363629440478,0.1035,0.013598077676807018,0.09533646885660234,0.02036473173543909
84,FedAvg,4.0,2.3057099052622347,0.0972,0.010724336392098946,0.0972,0.01838363629440478,0.08800000000000001,0.0090124476722695,0.09509856630824372,0.016412044829326858
85,FedAvg,4.0,2.3054690240304683,0.0972,0.010724336392098946,0.0972,0.01838363629440478,0.0935,0.011203219427043215,0.09716720768242375,0.01804780727385404
86,FedAvg,4.0,2.3055667152887658,0.0972,0.010724336392098946,0.0972,0.01838363629440478,0.1,0.0156652154890248,0.0982891810086932,0.020038236164561542
87,FedAvg,4.0,2.305424062511589,0.0972,0.010724336392098946,0.0972,0.01838363629440478,0.1,0.01882462545893603,0.09902638900965133,0.02104961329577664
88,FedAvg,4.0,2.305261735674701,0.0972,0.010724336392098946,0.0972,0.01838363629440478,0.0975,0.013400630319127952,0.0938570535155901,0.01962842761473725
89,FedAvg,4.0,2.305490182924874,0.0972,0.010724336392098946,0.0972,0.01838363629440478,0.10349999999999998,0.01238210052224814,0.09569964312046389,0.019648924740877854
90,FedAvg,4.0,2.3052054960516433,0.0972,0.010724336392098946,0.0972,0.01838363629440478,0.0925,0.014077432713888744,0.09380180627598132,0.019518321888457136
91,FedAvg,4.0,2.3055245272720915,0.0972,0.010724336392098946,0.0972,0.01838363629440478,0.095,0.011950374124376762,0.09714221710189451,0.018356397267036334
92,FedAvg,4.0,2.3056567650807054,0.0972,0.010724336392098946,0.0972,0.01838363629440478,0.10049999999999999,0.016355060633703275,0.0968208211364596,0.02078314447038138
93,FedAvg,4.0,2.3057019469104234,0.0972,0.010724336392098946,0.0972,0.01838363629440478,0.1,0.011887252524550041,0.09485951003671415,0.019134563903161594
94,FedAvg,4.0,2.3056548788577698,0.0972,0.010724336392098946,0.0972,0.01838363629440478,0.091,0.0131447260215811,0.09565723587009464,0.018200249629287072
95,FedAvg,4.0,2.305389054213898,0.0972,0.010724336392098946,0.0972,0.01838363629440478,0.0945,0.0194774443969511,0.09987882736355563,0.022592454209845507
96,FedAvg,4.0,2.3055641077741793,0.0972,0.010724336392098946,0.0972,0.01838363629440478,0.0875,0.014191651039916044,0.09695736323759649,0.018846237657554506
97,FedAvg,4.0,2.3052356726006615,0.0972,0.010724336392098946,0.0972,0.01838363629440478,0.09,0.013628679034591354,0.09620923520923522,0.01831961878438645
98,FedAvg,4.0,2.305595135386986,0.0972,0.010724336392098946,0.0972,0.01838363629440478,0.09599999999999999,0.011356352551586235,0.09648518148518148,0.0186210245632063
99,FedAvg,4.0,2.305210427392887,0.0972,0.010724336392098946,0.0972,0.01838363629440478,0.088,0.014718043282855298,0.09580528506374297,0.019105554033994054
100,FedAvg,4.0,2.3054435313502446,0.0972,0.010724336392098946,0.0972,0.01838363629440478,0.09399999999999999,0.01183461125333588,0.0966702998898121,0.018230932225449786
