round,strategy,c_loss,c_accuracy,d_accuracy
1,FedAvg,2.2945580844637714,0.1287,0.1287
2,FedAvg,2.245178802103936,0.196,0.196
3,FedAvg,2.08187116399596,0.2473,0.2473
4,FedAvg,1.974940447867671,0.276,0.276
5,FedAvg,1.8870557561705383,0.311,0.311
6,FedAvg,1.7773717551291743,0.3483,0.3483
7,FedAvg,1.7174495579321174,0.3739,0.3738999999999999
8,FedAvg,1.6711126113239725,0.3951,0.3951
9,FedAvg,1.6403544235833083,0.4015,0.4015
10,FedAvg,1.6092266417756866,0.4133,0.4133
11,FedAvg,1.5912495066847985,0.4149,0.4148999999999999
12,FedAvg,1.5603537333162525,0.4277,0.4276999999999999
13,FedAvg,1.5406606136998044,0.4281,0.4280999999999999
14,FedAvg,1.5038063707230966,0.4468,0.4468
15,FedAvg,1.4920616255530827,0.4546,0.4546
16,FedAvg,1.4802111432522158,0.4636,0.4636
17,FedAvg,1.4679692198958578,0.4617,0.4617
18,FedAvg,1.4456972245928608,0.4734,0.4734
19,FedAvg,1.4287590512746495,0.4824,0.4824
20,FedAvg,1.4338377457630784,0.4785,0.4785
21,FedAvg,1.398940237262581,0.4912,0.4912
22,FedAvg,1.3940307475343536,0.5058,0.5058
23,FedAvg,1.3679349724250505,0.511,0.511
24,FedAvg,1.3668840082385871,0.5094,0.5094
25,FedAvg,1.3581897699380223,0.5116,0.5116
26,FedAvg,1.3692411357843424,0.5064,0.5064
27,FedAvg,1.3365459683575207,0.5229,0.5229
28,FedAvg,1.3358954221387451,0.5208,0.5208
29,FedAvg,1.3237500115285945,0.5342,0.5342
30,FedAvg,1.3019222443616842,0.536,0.536
31,FedAvg,1.300486873976792,0.5378,0.5378
32,FedAvg,1.2986403914946545,0.538,0.538
33,FedAvg,1.2783295912078665,0.541,0.541
34,FedAvg,1.2675513300714614,0.5486,0.5486
35,FedAvg,1.264824779727791,0.5495,0.5495
36,FedAvg,1.255061816565598,0.5523,0.5523
37,FedAvg,1.2589159932317613,0.5532,0.5532
38,FedAvg,1.2506744771064082,0.5559,0.5559
39,FedAvg,1.2507312343090395,0.56,0.56
40,FedAvg,1.2362706842301767,0.5631,0.5631
41,FedAvg,1.2260362664355506,0.5651,0.5651
42,FedAvg,1.221249996106836,0.5697,0.5697
43,FedAvg,1.2206439217434657,0.5667,0.5667
44,FedAvg,1.2218847531306594,0.5657,0.5657
45,FedAvg,1.202438801904268,0.5743,0.5743
46,FedAvg,1.196001665501655,0.5794,0.5794
47,FedAvg,1.1943944820874854,0.5782,0.5782
48,FedAvg,1.1873845073241225,0.5805,0.5805
49,FedAvg,1.1835653555544117,0.5807,0.5807000000000001
50,FedAvg,1.181476903867118,0.5776,0.5776
51,FedAvg,1.178287217888651,0.5823,0.5823
52,FedAvg,1.1772319523594048,0.5839,0.5839
53,FedAvg,1.1699903101860722,0.5827,0.5827
54,FedAvg,1.1719869865646846,0.5819,0.5819
55,FedAvg,1.1777472790283492,0.5823,0.5823
56,FedAvg,1.1645555745197247,0.5864,0.5864
57,FedAvg,1.185816903657551,0.5805,0.5805
58,FedAvg,1.1559338856347,0.59,0.5900000000000001
59,FedAvg,1.152517335324348,0.5901,0.5901
60,FedAvg,1.1548301200323468,0.5888,0.5888
61,FedAvg,1.1613020300865171,0.589,0.589
62,FedAvg,1.146784622457963,0.5967,0.5967
63,FedAvg,1.142128075979933,0.5943,0.5943
64,FedAvg,1.150772790365581,0.5926,0.5926
65,FedAvg,1.132013426551336,0.5982,0.5982
66,FedAvg,1.128532998924014,0.6009,0.6009
67,FedAvg,1.1412704888778398,0.5991,0.5991
68,FedAvg,1.1334575007233438,0.5991,0.5991
69,FedAvg,1.1312423325792145,0.597,0.597
70,FedAvg,1.1416197336172755,0.5923,0.5923
71,FedAvg,1.141347873060009,0.5993,0.5993
72,FedAvg,1.1358799526963053,0.5964,0.5964
73,FedAvg,1.1204411953310425,0.6025,0.6025
74,FedAvg,1.1328823332545124,0.6005,0.6005
75,FedAvg,1.1296438144732126,0.6017,0.6017
76,FedAvg,1.1479006726530534,0.5964,0.5964
77,FedAvg,1.120015933543821,0.604,0.604
78,FedAvg,1.124149440964566,0.6046,0.6046
79,FedAvg,1.1207222033150588,0.6023,0.6023000000000001
80,FedAvg,1.114211925977393,0.6054,0.6054
81,FedAvg,1.1246652331533311,0.6061,0.6061
82,FedAvg,1.1199306000637104,0.6067,0.6067
83,FedAvg,1.120411676696584,0.6058,0.6058000000000001
84,FedAvg,1.118657080433037,0.6099,0.6099
85,FedAvg,1.1348810263826876,0.6011,0.6011
86,FedAvg,1.1302280501474309,0.6059,0.6059000000000001
87,FedAvg,1.1184363395352908,0.6084,0.6084
88,FedAvg,1.1181686399858208,0.6109,0.6109
89,FedAvg,1.1212786715241927,0.6037,0.6037
90,FedAvg,1.1136517245558244,0.6076,0.6076
91,FedAvg,1.1199689982812615,0.6112,0.6112
92,FedAvg,1.1146731625629376,0.6102,0.6102
93,FedAvg,1.120569036731237,0.6112,0.6112
94,FedAvg,1.1193749799004085,0.6087,0.6087
95,FedAvg,1.121953323672089,0.6081,0.6081
96,FedAvg,1.1265747592419009,0.6074,0.6074
97,FedAvg,1.1154333609568925,0.6082,0.6082
98,FedAvg,1.1156425430804868,0.6087,0.6087
99,FedAvg,1.1252148053314113,0.6063,0.6063
100,FedAvg,1.1201695573480823,0.6089,0.6088999999999999
1,FedAvgM,2.296734903432146,0.1401,0.1401
2,FedAvgM,2.256089521359794,0.1702,0.1701999999999999
3,FedAvgM,2.0959029574937458,0.2426,0.2426
4,FedAvgM,1.998464434961729,0.2772,0.2772
5,FedAvgM,1.921772661088388,0.3118,0.3118
6,FedAvgM,1.858504904976374,0.3406,0.3406
7,FedAvgM,1.7780738887907583,0.364,0.364
8,FedAvgM,1.7206277002262165,0.378,0.378
9,FedAvgM,1.681269485739213,0.3898,0.3898
10,FedAvgM,1.6705379848238788,0.3918,0.3918
11,FedAvgM,1.6254878768438026,0.4077,0.4077
12,FedAvgM,1.6036943333058418,0.4166,0.4166
13,FedAvgM,1.5865136822567711,0.4265,0.4265
14,FedAvgM,1.5707613003404834,0.4283,0.4283
15,FedAvgM,1.5623725939400588,0.4351,0.4351
16,FedAvgM,1.5342746097830278,0.4519,0.4518999999999999
17,FedAvgM,1.5232618202137045,0.455,0.4549999999999999
18,FedAvgM,1.4938141771509676,0.4641,0.4641
19,FedAvgM,1.4777145747896991,0.4679,0.4679
20,FedAvgM,1.4668689649316329,0.4749,0.4749
21,FedAvgM,1.4474655631222302,0.4786,0.4786000000000001
22,FedAvgM,1.43566389174401,0.4888,0.4888
23,FedAvgM,1.436302969727335,0.4858,0.4857999999999999
24,FedAvgM,1.423377141167846,0.4958,0.4958
25,FedAvgM,1.4118659994270228,0.4944,0.4944
26,FedAvgM,1.397067809406715,0.5063,0.5063
27,FedAvgM,1.3729816328121136,0.5093,0.5093
28,FedAvgM,1.3977577837207649,0.497,0.497
29,FedAvgM,1.360341736032993,0.5133,0.5133
30,FedAvgM,1.3536927684952942,0.5106,0.5106
31,FedAvgM,1.347886708718312,0.5208,0.5208
32,FedAvgM,1.330056659782989,0.522,0.522
33,FedAvgM,1.3230025587202627,0.5315,0.5314999999999999
34,FedAvgM,1.3166252751893637,0.5308,0.5308
35,FedAvgM,1.3236457667773285,0.5232,0.5232
36,FedAvgM,1.301870605613612,0.5352,0.5352
37,FedAvgM,1.2869681466983844,0.5389,0.5389
38,FedAvgM,1.2774205856685397,0.5421,0.5421
39,FedAvgM,1.2819013218336468,0.5405,0.5405
40,FedAvgM,1.2665404051165037,0.544,0.544
41,FedAvgM,1.26250518877295,0.5464,0.5463999999999999
42,FedAvgM,1.2544754728486267,0.5505,0.5505
43,FedAvgM,1.2504704677605931,0.5519,0.5519
44,FedAvgM,1.2521430684041372,0.5506,0.5506
45,FedAvgM,1.2406895009777217,0.557,0.5570000000000002
46,FedAvgM,1.2310538533367688,0.5622,0.5622
47,FedAvgM,1.2371608169772956,0.5593,0.5593
48,FedAvgM,1.2252238641811322,0.565,0.565
49,FedAvgM,1.2140036957173408,0.5697,0.5697
50,FedAvgM,1.2219599968270412,0.5672,0.5672000000000001
51,FedAvgM,1.2137599987319754,0.5676,0.5676
52,FedAvgM,1.227342223819298,0.5606,0.5606
53,FedAvgM,1.191875908948198,0.5735,0.5735
54,FedAvgM,1.1991790653784065,0.5724,0.5724
55,FedAvgM,1.1965520630908917,0.5738,0.5738
56,FedAvgM,1.1868603569042833,0.5828,0.5828
57,FedAvgM,1.186519127857836,0.5776,0.5776
58,FedAvgM,1.1887282208551335,0.5779,0.5779
59,FedAvgM,1.1767998956426788,0.5846,0.5846
60,FedAvgM,1.181148986273174,0.5848,0.5848
61,FedAvgM,1.179157871234266,0.5812,0.5812
62,FedAvgM,1.1775487480284292,0.5828,0.5828
63,FedAvgM,1.174923062324524,0.5869,0.5869
64,FedAvgM,1.164906178848653,0.5897,0.5897
65,FedAvgM,1.1554641640639003,0.5912,0.5912
66,FedAvgM,1.1606640823279757,0.5911,0.5911
67,FedAvgM,1.1591499825067155,0.5857,0.5857
68,FedAvgM,1.1693126793149151,0.5892,0.5892
69,FedAvgM,1.173181730735151,0.586,0.586
70,FedAvgM,1.151714118221138,0.5949,0.5949
71,FedAvgM,1.143524486052839,0.5995,0.5995
72,FedAvgM,1.1486022834536396,0.5963,0.5963
73,FedAvgM,1.1499083389209797,0.5925,0.5925
74,FedAvgM,1.1443211994593656,0.5985,0.5985
75,FedAvgM,1.14436260129832,0.5924,0.5924
76,FedAvgM,1.148208962211126,0.5944,0.5944000000000002
77,FedAvgM,1.1645570533185066,0.5928,0.5928
78,FedAvgM,1.1600469758238974,0.5906,0.5906
79,FedAvgM,1.1439327295822432,0.5961,0.5961
80,FedAvgM,1.1381691747073883,0.601,0.601
81,FedAvgM,1.1381535152845743,0.5975,0.5974999999999999
82,FedAvgM,1.1354695181303387,0.6011,0.6011
83,FedAvgM,1.1408160389224185,0.5991,0.5991
84,FedAvgM,1.1389883122866666,0.6002,0.6002
85,FedAvgM,1.1333314142649686,0.6015,0.6015
86,FedAvgM,1.1315511615970466,0.5984,0.5983999999999999
87,FedAvgM,1.1370335160931455,0.6015,0.6015
88,FedAvgM,1.1412006344976304,0.597,0.597
89,FedAvgM,1.1374806256233891,0.5998,0.5998
90,FedAvgM,1.1267946166328238,0.6018,0.6018
91,FedAvgM,1.1401900573621822,0.604,0.604
92,FedAvgM,1.1351593838462346,0.6016,0.6016
93,FedAvgM,1.1476198117944258,0.5981,0.5981
94,FedAvgM,1.1365648326994495,0.6035,0.6035
95,FedAvgM,1.1474649974062472,0.599,0.599
96,FedAvgM,1.1301322036151644,0.603,0.603
97,FedAvgM,1.1426829906958569,0.6005,0.6005
98,FedAvgM,1.1325957677032374,0.6037,0.6037
99,FedAvgM,1.1305899288080916,0.6023,0.6023000000000001
100,FedAvgM,1.1382627607900886,0.6036,0.6036
1,QFedAvg,2.293598344054403,0.1026,0.1026
2,QFedAvg,2.262153003789201,0.1809,0.1809
3,QFedAvg,2.1409065693239624,0.2398,0.2398
4,QFedAvg,2.031135291992864,0.2677,0.2677
5,QFedAvg,1.951122798497164,0.3013,0.3013
6,QFedAvg,1.8689795898485788,0.3297,0.3296999999999999
7,QFedAvg,1.7941040872018548,0.3522,0.3522
8,QFedAvg,1.775100658211527,0.3633,0.3633
9,QFedAvg,1.7350336584863784,0.3746,0.3746
10,QFedAvg,1.675670199756381,0.3885,0.3885
11,QFedAvg,1.6489129021197937,0.4021,0.4021
12,QFedAvg,1.616836683659614,0.4151,0.4151
13,QFedAvg,1.5917859726314303,0.4161,0.4161000000000001
14,QFedAvg,1.5831531074982654,0.4265,0.4265
15,QFedAvg,1.566737793668916,0.4209,0.4209
16,QFedAvg,1.5380509382561791,0.436,0.436
17,QFedAvg,1.514400835278668,0.4447,0.4447
18,QFedAvg,1.5013947637775276,0.4509,0.4509
19,QFedAvg,1.490905731539183,0.4556,0.4556
20,QFedAvg,1.4849771925165682,0.4578,0.4578
21,QFedAvg,1.4595897967302347,0.4657,0.4657
22,QFedAvg,1.4506571836109403,0.4713,0.4713
23,QFedAvg,1.452140501782864,0.4705,0.4705
24,QFedAvg,1.4291979542261437,0.4829,0.4829
25,QFedAvg,1.4201587408403806,0.4763,0.4763
26,QFedAvg,1.411679510828815,0.4864,0.4864
27,QFedAvg,1.413762023177328,0.4858,0.4857999999999999
28,QFedAvg,1.3942517193057868,0.4916,0.4916
29,QFedAvg,1.384386637542821,0.5032,0.5032
30,QFedAvg,1.3725412797324266,0.5099,0.5099
31,QFedAvg,1.353996654100056,0.5098,0.5098
32,QFedAvg,1.349851031846638,0.5112,0.5112
33,QFedAvg,1.3467141133320482,0.5133,0.5133
34,QFedAvg,1.3407508421547805,0.5186,0.5186
35,QFedAvg,1.3409362971028196,0.5227,0.5226999999999999
36,QFedAvg,1.314482703993592,0.5306,0.5305999999999998
37,QFedAvg,1.313409894327574,0.5322,0.5322
38,QFedAvg,1.312122634694546,0.5372,0.5372
39,QFedAvg,1.3014434108251258,0.5365,0.5365
40,QFedAvg,1.2903754680971555,0.5431,0.5431
41,QFedAvg,1.2807786600499214,0.5435,0.5435
42,QFedAvg,1.2795780157741112,0.5424,0.5424
43,QFedAvg,1.284047067919864,0.5457,0.5457
44,QFedAvg,1.274353789377816,0.5513,0.5513
45,QFedAvg,1.267700109300734,0.548,0.548
46,QFedAvg,1.2695117977601065,0.549,0.549
47,QFedAvg,1.253940150707583,0.5576,0.5576
48,QFedAvg,1.2595858589003357,0.5522,0.5522
49,QFedAvg,1.2513553960413872,0.5535,0.5535
50,QFedAvg,1.2443410625940636,0.5578,0.5577999999999999
51,QFedAvg,1.2375917827026754,0.562,0.562
52,QFedAvg,1.2353797894489915,0.564,0.564
53,QFedAvg,1.2282963417753388,0.5687,0.5687
54,QFedAvg,1.2260381013532229,0.5665,0.5665
55,QFedAvg,1.2297428846359253,0.5646,0.5646
56,QFedAvg,1.2219658758066878,0.5676,0.5676
57,QFedAvg,1.2154822228830071,0.5732,0.5732
58,QFedAvg,1.218014670323722,0.5712,0.5712
59,QFedAvg,1.2106893500195277,0.5731,0.5731
60,QFedAvg,1.2062654623502418,0.5767,0.5767
61,QFedAvg,1.2051839511605758,0.5773,0.5773
62,QFedAvg,1.2024709393706503,0.5794,0.5794
63,QFedAvg,1.1947241304795952,0.5798,0.5798000000000001
64,QFedAvg,1.1848488374601436,0.5808,0.5808
65,QFedAvg,1.1874309831027745,0.5801,0.5801
66,QFedAvg,1.1896359045294267,0.5789,0.5789
67,QFedAvg,1.1837908029556274,0.5848,0.5848
68,QFedAvg,1.1763922451417657,0.5851,0.5851
69,QFedAvg,1.177666560004029,0.5843,0.5842999999999999
70,QFedAvg,1.170559252364726,0.5843,0.5842999999999999
71,QFedAvg,1.175639881363398,0.5848,0.5848
72,QFedAvg,1.1752176918560946,0.5848,0.5848
73,QFedAvg,1.1701842025865483,0.5867,0.5867
74,QFedAvg,1.167053737972356,0.5875,0.5875
75,QFedAvg,1.160259827028347,0.5895,0.5895
76,QFedAvg,1.1600606101977675,0.5909,0.5909000000000001
77,QFedAvg,1.158526231216479,0.5939,0.5938999999999999
78,QFedAvg,1.159423049492172,0.5903,0.5903
79,QFedAvg,1.1589299206492267,0.5911,0.5911
80,QFedAvg,1.1570757499224025,0.5942,0.5942
81,QFedAvg,1.1557562788830529,0.5936,0.5936000000000001
82,QFedAvg,1.151749296278893,0.5953,0.5953
83,QFedAvg,1.154028227057638,0.5922,0.5922
84,QFedAvg,1.1450777476346945,0.5958,0.5958
85,QFedAvg,1.1502940247330484,0.5995,0.5995
86,QFedAvg,1.1429803952386108,0.5957,0.5956999999999999
87,QFedAvg,1.1400522627407992,0.5982,0.5982
88,QFedAvg,1.1400617270530025,0.601,0.601
89,QFedAvg,1.1406452640702454,0.6002,0.6002
90,QFedAvg,1.14248234561727,0.597,0.597
91,QFedAvg,1.1396382013453712,0.5996,0.5996
92,QFedAvg,1.1332383027559594,0.5984,0.5983999999999999
93,QFedAvg,1.1289456788497636,0.6017,0.6017
94,QFedAvg,1.130831532085998,0.6006,0.6006
95,QFedAvg,1.132416217387477,0.6028,0.6028
96,QFedAvg,1.1305217169508148,0.602,0.602
97,QFedAvg,1.124290052094037,0.6017,0.6017
98,QFedAvg,1.1188268608684782,0.6026,0.6026
99,QFedAvg,1.1192364851130714,0.6062,0.6061999999999999
100,QFedAvg,1.124113687231571,0.606,0.606
1,FaultTolerantFedAvg,2.2982931589778466,0.1027,0.1027
2,FaultTolerantFedAvg,2.2799042689649363,0.1924,0.1924
3,FaultTolerantFedAvg,2.153424178497701,0.2218,0.2217999999999999
4,FaultTolerantFedAvg,1.9785095091107523,0.2847,0.2846999999999999
5,FaultTolerantFedAvg,1.8662869024880324,0.3383,0.3383
6,FaultTolerantFedAvg,1.7774094207377371,0.3592,0.3592
7,FaultTolerantFedAvg,1.7171262185784837,0.373,0.3729999999999999
8,FaultTolerantFedAvg,1.6725914417942869,0.3897,0.3897
9,FaultTolerantFedAvg,1.636446272270589,0.4048,0.4048
10,FaultTolerantFedAvg,1.62146517898463,0.4142,0.4142
11,FaultTolerantFedAvg,1.5824918505511707,0.4303,0.4303
12,FaultTolerantFedAvg,1.564318225353579,0.4365,0.4365
13,FaultTolerantFedAvg,1.5352444739281377,0.4472,0.4472
14,FaultTolerantFedAvg,1.5092913168895097,0.4623,0.4623
15,FaultTolerantFedAvg,1.4918674366383613,0.4712,0.4712
16,FaultTolerantFedAvg,1.5047309745716144,0.4639,0.4639
17,FaultTolerantFedAvg,1.4643197919749007,0.4822,0.4821999999999999
18,FaultTolerantFedAvg,1.4399598203127897,0.4908,0.4908
19,FaultTolerantFedAvg,1.428318808350382,0.4934,0.4934
20,FaultTolerantFedAvg,1.4086260720144343,0.5012,0.5012
21,FaultTolerantFedAvg,1.3973872405064256,0.5011,0.5011
22,FaultTolerantFedAvg,1.3781336244148543,0.5108,0.5108
23,FaultTolerantFedAvg,1.36994648281532,0.5103,0.5103
24,FaultTolerantFedAvg,1.3461423237112504,0.5169,0.5169
25,FaultTolerantFedAvg,1.3407870772518689,0.5238,0.5238
26,FaultTolerantFedAvg,1.3345319274105605,0.5294,0.5294
27,FaultTolerantFedAvg,1.324984263770188,0.5294,0.5294
28,FaultTolerantFedAvg,1.303418661220164,0.5363,0.5363
29,FaultTolerantFedAvg,1.293687334543542,0.5441,0.5441
30,FaultTolerantFedAvg,1.302563262891166,0.5445,0.5445
31,FaultTolerantFedAvg,1.274888575831546,0.5503,0.5503
32,FaultTolerantFedAvg,1.3063707668570024,0.533,0.533
33,FaultTolerantFedAvg,1.2734868556638308,0.5547,0.5547000000000001
34,FaultTolerantFedAvg,1.2650193413601647,0.5502,0.5502
35,FaultTolerantFedAvg,1.251128436643866,0.5587,0.5586999999999999
36,FaultTolerantFedAvg,1.2671532012239288,0.5526,0.5526
37,FaultTolerantFedAvg,1.2459208723864978,0.5648,0.5648
38,FaultTolerantFedAvg,1.238462443593182,0.5662,0.5662
39,FaultTolerantFedAvg,1.2322384390649916,0.5649,0.5649
40,FaultTolerantFedAvg,1.2238210650938977,0.571,0.5709999999999998
41,FaultTolerantFedAvg,1.213170480879047,0.569,0.569
42,FaultTolerantFedAvg,1.219019487688813,0.57,0.57
43,FaultTolerantFedAvg,1.226179236098181,0.5664,0.5664
44,FaultTolerantFedAvg,1.2024469262436976,0.5768,0.5768
45,FaultTolerantFedAvg,1.1998367920706543,0.5761,0.5761
46,FaultTolerantFedAvg,1.2024296484416044,0.5774,0.5774
47,FaultTolerantFedAvg,1.1968090443671504,0.5771,0.5771
48,FaultTolerantFedAvg,1.1830216834816751,0.5827,0.5827
49,FaultTolerantFedAvg,1.179377421548095,0.583,0.583
50,FaultTolerantFedAvg,1.1726917201959637,0.5859,0.5859
51,FaultTolerantFedAvg,1.1745994747439517,0.5895,0.5895
52,FaultTolerantFedAvg,1.1726397238200224,0.5875,0.5875
53,FaultTolerantFedAvg,1.1624128924140449,0.5906,0.5906
54,FaultTolerantFedAvg,1.163433508027958,0.5892,0.5892
55,FaultTolerantFedAvg,1.1641565380217154,0.5877,0.5877
56,FaultTolerantFedAvg,1.1533883259266238,0.5989,0.5989
57,FaultTolerantFedAvg,1.1539747579188286,0.5973,0.5973
58,FaultTolerantFedAvg,1.1528676861449132,0.5983,0.5983
59,FaultTolerantFedAvg,1.1794237569917607,0.5935,0.5935000000000001
60,FaultTolerantFedAvg,1.1586981551556648,0.592,0.592
61,FaultTolerantFedAvg,1.145976431762116,0.599,0.599
62,FaultTolerantFedAvg,1.1460195794890198,0.5959,0.5959
63,FaultTolerantFedAvg,1.1482647287694714,0.6014,0.6014
64,FaultTolerantFedAvg,1.143883405606958,0.5962,0.5962
65,FaultTolerantFedAvg,1.1332902402817449,0.6033,0.6033
66,FaultTolerantFedAvg,1.133927531634705,0.6059,0.6059000000000001
67,FaultTolerantFedAvg,1.1257014063340198,0.605,0.6050000000000001
68,FaultTolerantFedAvg,1.130314681348921,0.609,0.609
69,FaultTolerantFedAvg,1.1218107780323754,0.6066,0.6066
70,FaultTolerantFedAvg,1.1289706592318378,0.6065,0.6065
71,FaultTolerantFedAvg,1.126917479913446,0.6099,0.6099
72,FaultTolerantFedAvg,1.121772211563738,0.61,0.61
73,FaultTolerantFedAvg,1.147751129126247,0.6017,0.6017
74,FaultTolerantFedAvg,1.128673882424077,0.6057,0.6057
75,FaultTolerantFedAvg,1.1220440298696108,0.6083,0.6083
76,FaultTolerantFedAvg,1.1120065752464006,0.6149,0.6149
77,FaultTolerantFedAvg,1.113625551326365,0.612,0.612
78,FaultTolerantFedAvg,1.1153759971449646,0.6147,0.6147
79,FaultTolerantFedAvg,1.1224806037130235,0.6107,0.6107
80,FaultTolerantFedAvg,1.1106463964981368,0.6114,0.6114
81,FaultTolerantFedAvg,1.1556909016416044,0.5957,0.5956999999999999
82,FaultTolerantFedAvg,1.1135107278823853,0.6121,0.6121
83,FaultTolerantFedAvg,1.1107421230666246,0.6147,0.6147
84,FaultTolerantFedAvg,1.1038696049134942,0.6127,0.6127
85,FaultTolerantFedAvg,1.1133732592003256,0.6119,0.6119
86,FaultTolerantFedAvg,1.1079156979729858,0.612,0.612
87,FaultTolerantFedAvg,1.115128578264502,0.6118,0.6118
88,FaultTolerantFedAvg,1.1165048947817162,0.6131,0.6131
89,FaultTolerantFedAvg,1.1196469853195965,0.612,0.612
90,FaultTolerantFedAvg,1.1121296331852295,0.6132,0.6132
91,FaultTolerantFedAvg,1.1271739277658583,0.6078,0.6078
92,FaultTolerantFedAvg,1.1136671629133104,0.6127,0.6127
93,FaultTolerantFedAvg,1.1154490550862084,0.6128,0.6128
94,FaultTolerantFedAvg,1.1274502428272102,0.6148,0.6148
95,FaultTolerantFedAvg,1.1079913656922835,0.6186,0.6186
96,FaultTolerantFedAvg,1.1175180394438249,0.615,0.615
97,FaultTolerantFedAvg,1.1100325244891494,0.6158,0.6158
98,FaultTolerantFedAvg,1.1124125258832038,0.6129,0.6129
99,FaultTolerantFedAvg,1.111166008665592,0.6187,0.6187
100,FaultTolerantFedAvg,1.1304234002209916,0.6128,0.6128
1,FedOpt,2.291508384897739,0.1362,0.1362
2,FedOpt,2.206245365022104,0.1758,0.1758
3,FedOpt,2.054636295837692,0.2587,0.2587
4,FedOpt,1.9754609699490704,0.282,0.282
5,FedOpt,1.897537860689284,0.3077,0.3077
6,FedOpt,1.8072509886343269,0.3394,0.3394
7,FedOpt,1.732128446615195,0.3644,0.3644
8,FedOpt,1.6903088696395294,0.3796,0.3796
9,FedOpt,1.651823449738418,0.3949,0.3949
10,FedOpt,1.631504147867613,0.3976,0.3975999999999999
11,FedOpt,1.6020978553385674,0.4057,0.4057
12,FedOpt,1.5769251192672342,0.4207,0.4207
13,FedOpt,1.5564447007601774,0.4268,0.4267999999999999
14,FedOpt,1.5308102173141287,0.4363,0.4363
15,FedOpt,1.5248114021518562,0.4429,0.4429
16,FedOpt,1.5102837040454526,0.4528,0.4528
17,FedOpt,1.4834847691692885,0.4594,0.4594
18,FedOpt,1.478843516941312,0.4668,0.4668
19,FedOpt,1.4477367386033264,0.4743,0.4743
20,FedOpt,1.4357128777081454,0.4807,0.4807
21,FedOpt,1.4267605497867246,0.4848,0.4847999999999999
22,FedOpt,1.4249269901951658,0.487,0.487
23,FedOpt,1.4056581319132937,0.494,0.494
24,FedOpt,1.389243791374979,0.5054,0.5054
25,FedOpt,1.390797435482846,0.4998,0.4997999999999999
26,FedOpt,1.3586877463739129,0.5156,0.5156
27,FedOpt,1.3641912363752533,0.5157,0.5157
28,FedOpt,1.3418721262412736,0.5247,0.5247
29,FedOpt,1.3365102961093565,0.5194,0.5194
30,FedOpt,1.3253856550289105,0.5306,0.5305999999999998
31,FedOpt,1.3155745245233368,0.532,0.5320000000000001
32,FedOpt,1.3196694217150724,0.5305,0.5304999999999999
33,FedOpt,1.2984101832667485,0.538,0.538
34,FedOpt,1.2975759687302988,0.5382,0.5382
35,FedOpt,1.2718410869187946,0.5475,0.5475
36,FedOpt,1.2753119996831388,0.5517,0.5517
37,FedOpt,1.2675657362877568,0.5458,0.5458
38,FedOpt,1.2603316397606572,0.5525,0.5525
39,FedOpt,1.2453070803533626,0.5539,0.5539000000000001
40,FedOpt,1.2469843158239051,0.5578,0.5577999999999999
41,FedOpt,1.2446217853811723,0.5594,0.5594
42,FedOpt,1.2491908201688453,0.5566,0.5565999999999999
43,FedOpt,1.223208548147467,0.5695,0.5695
44,FedOpt,1.2178853101368192,0.5722,0.5722
45,FedOpt,1.2145994962016238,0.573,0.573
46,FedOpt,1.2082722081413753,0.5722,0.5722
47,FedOpt,1.2022000717211374,0.5784,0.5784
48,FedOpt,1.1983686836459968,0.5799,0.5799
49,FedOpt,1.1893979333624054,0.5841,0.5841
50,FedOpt,1.196247641044327,0.5757,0.5757
51,FedOpt,1.1761738627771787,0.5869,0.5869
52,FedOpt,1.177027801169625,0.5875,0.5875
53,FedOpt,1.1727707469010655,0.5872,0.5872
54,FedOpt,1.1686651819868932,0.5899,0.5899
55,FedOpt,1.1605422685417948,0.594,0.5939999999999999
56,FedOpt,1.164586919017985,0.5904,0.5904
57,FedOpt,1.1562642077856429,0.5968,0.5968
58,FedOpt,1.1614712069306192,0.5929,0.5929
59,FedOpt,1.1581424557709996,0.5938,0.5938
60,FedOpt,1.174043656149997,0.5846,0.5846
61,FedOpt,1.1411398928376693,0.597,0.597
62,FedOpt,1.1491147770157344,0.5922,0.5922
63,FedOpt,1.147740883917748,0.5937,0.5937
64,FedOpt,1.1316505444200733,0.5997,0.5997
65,FedOpt,1.13550105351436,0.5983,0.5983
66,FedOpt,1.13351792700683,0.6001,0.6001
67,FedOpt,1.12985605529592,0.6022,0.6022
68,FedOpt,1.1293704705902292,0.6033,0.6033
69,FedOpt,1.1266901545886752,0.5999,0.5999
70,FedOpt,1.116366999813273,0.6019,0.6019
71,FedOpt,1.1271801553195036,0.5992,0.5992
72,FedOpt,1.1161021243167828,0.6038,0.6038
73,FedOpt,1.1194605525535872,0.6033,0.6033
74,FedOpt,1.115016308011888,0.606,0.606
75,FedOpt,1.125087654288811,0.5989,0.5989
76,FedOpt,1.112365670596497,0.6047,0.6047
77,FedOpt,1.1115599101102804,0.6062,0.6061999999999999
78,FedOpt,1.1225118478642235,0.6031,0.6031
79,FedOpt,1.1137691811670232,0.6077,0.6076999999999999
80,FedOpt,1.1106916002080411,0.6079,0.6079
81,FedOpt,1.1146997288812566,0.6042,0.6042
82,FedOpt,1.1160327128217191,0.6053,0.6052999999999998
83,FedOpt,1.1121040401579458,0.6074,0.6074
84,FedOpt,1.106057886835895,0.6103,0.6103
85,FedOpt,1.1121313541750364,0.6059,0.6059000000000001
86,FedOpt,1.1123950104170208,0.6087,0.6087
87,FedOpt,1.1039503284647494,0.6106,0.6106
88,FedOpt,1.1118311663217182,0.6087,0.6087
89,FedOpt,1.1144585790513435,0.6101,0.6101
90,FedOpt,1.1225565407849565,0.608,0.6079999999999999
91,FedOpt,1.1005971876880791,0.6093,0.6093
92,FedOpt,1.1277091744579846,0.6033,0.6033
93,FedOpt,1.0909831652158424,0.615,0.615
94,FedOpt,1.106689440298684,0.6104,0.6104
95,FedOpt,1.0972509082359605,0.6163,0.6163
96,FedOpt,1.0999252671682382,0.6121,0.6121
97,FedOpt,1.1063668893862375,0.6117,0.6117
98,FedOpt,1.1045501752744746,0.6127,0.6127
99,FedOpt,1.1032357706299312,0.6104,0.6104
100,FedOpt,1.1032536723945714,0.6125,0.6125
1,FedProx,2.280665904660768,0.1498,0.1498
2,FedProx,2.16854090328458,0.2315,0.2315
3,FedProx,2.010518854177451,0.2831,0.2831
4,FedProx,1.891403943677492,0.3097,0.3096999999999999
5,FedProx,1.8114642131177685,0.3401,0.3401
6,FedProx,1.765264141408703,0.3577,0.3577
7,FedProx,1.7384703461127946,0.3646,0.3646
8,FedProx,1.6832539582554298,0.3853,0.3852999999999999
9,FedProx,1.6674345656286311,0.3936,0.3936
10,FedProx,1.6393353531632242,0.4097,0.4097
11,FedProx,1.616876172114022,0.4106,0.4106
12,FedProx,1.611103512063811,0.4111,0.4111
13,FedProx,1.561874045601374,0.4357,0.4357
14,FedProx,1.5523796579505824,0.4348,0.4348
15,FedProx,1.5263228733328325,0.4494,0.4494
16,FedProx,1.4938880778566193,0.4602,0.4602
17,FedProx,1.4800373180003106,0.4638,0.4638
18,FedProx,1.4649926046781905,0.4686,0.4686
19,FedProx,1.461036214345618,0.4718,0.4718
20,FedProx,1.4327052077160607,0.4808,0.4808
21,FedProx,1.4155005322226994,0.4861,0.4861
22,FedProx,1.3908960215653046,0.4946,0.4946
23,FedProx,1.3809355980233302,0.5053,0.5053
24,FedProx,1.3638871681841114,0.516,0.516
25,FedProx,1.347784235507627,0.5178,0.5178
26,FedProx,1.339799607856364,0.5233,0.5233
27,FedProx,1.3375450153894062,0.5149,0.5149
28,FedProx,1.3166924232169042,0.5337,0.5337
29,FedProx,1.3204538988161691,0.5316,0.5316
30,FedProx,1.3065950025486042,0.5338,0.5338
31,FedProx,1.292729693877546,0.532,0.5320000000000001
32,FedProx,1.2800025110003317,0.5417,0.5417
33,FedProx,1.2640342704857452,0.5508,0.5508
34,FedProx,1.2624922357028043,0.5522,0.5522
35,FedProx,1.2643624181988873,0.5554,0.5554
36,FedProx,1.2490816055973877,0.5527,0.5527
37,FedProx,1.2489642991295344,0.5548,0.5548000000000001
38,FedProx,1.2634499012669431,0.5501,0.5501
39,FedProx,1.235191986530642,0.5623,0.5623
40,FedProx,1.2408961133111882,0.5558,0.5558
41,FedProx,1.2220836576027203,0.5651,0.5651
42,FedProx,1.2215978510772123,0.5663,0.5663000000000001
43,FedProx,1.2161206912390794,0.5684,0.5684000000000001
44,FedProx,1.2021329531186744,0.5749,0.5749
45,FedProx,1.2051403492311887,0.5736,0.5736
46,FedProx,1.2016964879217027,0.5778,0.5778
47,FedProx,1.184298717522923,0.5785,0.5785
48,FedProx,1.18147978978821,0.5797,0.5797
49,FedProx,1.1836628702622425,0.5843,0.5842999999999999
50,FedProx,1.2043577296824397,0.5733,0.5733
51,FedProx,1.1933350819575637,0.5758,0.5758
52,FedProx,1.178401006173484,0.5821,0.5821
53,FedProx,1.1694379365896876,0.5889,0.5889
54,FedProx,1.1645573460603065,0.5862,0.5862
55,FedProx,1.1666445581218865,0.5869,0.5869
56,FedProx,1.161327908310709,0.5887,0.5887
57,FedProx,1.1493801964989192,0.5935,0.5935000000000001
58,FedProx,1.1734183113786238,0.5825,0.5824999999999999
59,FedProx,1.145479896400548,0.5944,0.5944000000000002
60,FedProx,1.1631512279751934,0.5883,0.5883
61,FedProx,1.1481325649007963,0.5969,0.5969
62,FedProx,1.1474168187455287,0.5914,0.5914
63,FedProx,1.1339276236823843,0.601,0.601
64,FedProx,1.1318363147445871,0.6013,0.6013
65,FedProx,1.1343568382383902,0.6018,0.6018
66,FedProx,1.1384698907031288,0.5983,0.5983
67,FedProx,1.140589947941937,0.5936,0.5936000000000001
68,FedProx,1.1270906306520294,0.6003,0.6003
69,FedProx,1.1334228236464006,0.604,0.604
70,FedProx,1.1198842442488368,0.6059,0.6059000000000001
71,FedProx,1.129576784900472,0.6029,0.6029
72,FedProx,1.1241338675535175,0.6066,0.6066
73,FedProx,1.1447827242597748,0.5987,0.5987
74,FedProx,1.1262093948412546,0.607,0.607
75,FedProx,1.1210014623931692,0.6036,0.6036
76,FedProx,1.122506091866312,0.6072,0.6072
77,FedProx,1.1331384876106358,0.6032,0.6032000000000001
78,FedProx,1.1193455887746206,0.6079,0.6079
79,FedProx,1.1263168446625336,0.6063,0.6063
80,FedProx,1.1230857115757615,0.607,0.607
81,FedProx,1.122117194193828,0.612,0.612
82,FedProx,1.1256131620346743,0.609,0.609
83,FedProx,1.1299775295619725,0.6071,0.6070999999999999
84,FedProx,1.118361438376994,0.6114,0.6114
85,FedProx,1.1115888017642348,0.6094,0.6094
86,FedProx,1.124231192884566,0.6125,0.6125
87,FedProx,1.1302538257610948,0.6063,0.6063
88,FedProx,1.1202162617369542,0.6117,0.6117
89,FedProx,1.1294032486179206,0.6098,0.6097999999999999
90,FedProx,1.120912777472146,0.615,0.615
91,FedProx,1.122375020497962,0.6097,0.6097
92,FedProx,1.1306535737423955,0.609,0.609
93,FedProx,1.1271564598324932,0.6088,0.6088
94,FedProx,1.1205212919017935,0.607,0.607
95,FedProx,1.1269901824902884,0.6106,0.6106
96,FedProx,1.1228875532934937,0.6102,0.6102
97,FedProx,1.123416300815872,0.6119,0.6119
98,FedProx,1.1176459638378289,0.6133,0.6133
99,FedProx,1.1160814301877082,0.6126,0.6126
100,FedProx,1.1326683555977255,0.6133,0.6133
1,FedAdagrad,1346.507911392405,0.1,0.1
2,FedAdagrad,,0.1,0.1
3,FedAdagrad,,0.1,0.1
4,FedAdagrad,,0.1,0.1
5,FedAdagrad,,0.1,0.1
6,FedAdagrad,,0.1,0.1
7,FedAdagrad,,0.1,0.1
8,FedAdagrad,,0.1,0.1
9,FedAdagrad,,0.1,0.1
10,FedAdagrad,,0.1,0.1
11,FedAdagrad,,0.1,0.1
12,FedAdagrad,,0.1,0.1
13,FedAdagrad,,0.1,0.1
14,FedAdagrad,,0.1,0.1
15,FedAdagrad,,0.1,0.1
16,FedAdagrad,,0.1,0.1
17,FedAdagrad,,0.1,0.1
18,FedAdagrad,,0.1,0.1
19,FedAdagrad,,0.1,0.1
20,FedAdagrad,,0.1,0.1
21,FedAdagrad,,0.1,0.1
22,FedAdagrad,,0.1,0.1
23,FedAdagrad,,0.1,0.1
24,FedAdagrad,,0.1,0.1
25,FedAdagrad,,0.1,0.1
26,FedAdagrad,,0.1,0.1
27,FedAdagrad,,0.1,0.1
28,FedAdagrad,,0.1,0.1
29,FedAdagrad,,0.1,0.1
30,FedAdagrad,,0.1,0.1
31,FedAdagrad,,0.1,0.1
32,FedAdagrad,,0.1,0.1
33,FedAdagrad,,0.1,0.1
34,FedAdagrad,,0.1,0.1
35,FedAdagrad,,0.1,0.1
36,FedAdagrad,,0.1,0.1
37,FedAdagrad,,0.1,0.1
38,FedAdagrad,,0.1,0.1
39,FedAdagrad,,0.1,0.1
40,FedAdagrad,,0.1,0.1
41,FedAdagrad,,0.1,0.1
42,FedAdagrad,,0.1,0.1
43,FedAdagrad,,0.1,0.1
44,FedAdagrad,,0.1,0.1
45,FedAdagrad,,0.1,0.1
46,FedAdagrad,,0.1,0.1
47,FedAdagrad,,0.1,0.1
48,FedAdagrad,,0.1,0.1
49,FedAdagrad,,0.1,0.1
50,FedAdagrad,,0.1,0.1
51,FedAdagrad,,0.1,0.1
52,FedAdagrad,,0.1,0.1
53,FedAdagrad,,0.1,0.1
54,FedAdagrad,,0.1,0.1
55,FedAdagrad,,0.1,0.1
56,FedAdagrad,,0.1,0.1
57,FedAdagrad,,0.1,0.1
58,FedAdagrad,,0.1,0.1
59,FedAdagrad,,0.1,0.1
60,FedAdagrad,,0.1,0.1
61,FedAdagrad,,0.1,0.1
62,FedAdagrad,,0.1,0.1
63,FedAdagrad,,0.1,0.1
64,FedAdagrad,,0.1,0.1
65,FedAdagrad,,0.1,0.1
66,FedAdagrad,,0.1,0.1
67,FedAdagrad,,0.1,0.1
68,FedAdagrad,,0.1,0.1
69,FedAdagrad,,0.1,0.1
70,FedAdagrad,,0.1,0.1
71,FedAdagrad,,0.1,0.1
72,FedAdagrad,,0.1,0.1
73,FedAdagrad,,0.1,0.1
74,FedAdagrad,,0.1,0.1
75,FedAdagrad,,0.1,0.1
76,FedAdagrad,,0.1,0.1
77,FedAdagrad,,0.1,0.1
78,FedAdagrad,,0.1,0.1
79,FedAdagrad,,0.1,0.1
80,FedAdagrad,,0.1,0.1
81,FedAdagrad,,0.1,0.1
82,FedAdagrad,,0.1,0.1
83,FedAdagrad,,0.1,0.1
84,FedAdagrad,,0.1,0.1
85,FedAdagrad,,0.1,0.1
86,FedAdagrad,,0.1,0.1
87,FedAdagrad,,0.1,0.1
88,FedAdagrad,,0.1,0.1
89,FedAdagrad,,0.1,0.1
90,FedAdagrad,,0.1,0.1
91,FedAdagrad,,0.1,0.1
92,FedAdagrad,,0.1,0.1
93,FedAdagrad,,0.1,0.1
94,FedAdagrad,,0.1,0.1
95,FedAdagrad,,0.1,0.1
96,FedAdagrad,,0.1,0.1
97,FedAdagrad,,0.1,0.1
98,FedAdagrad,,0.1,0.1
99,FedAdagrad,,0.1,0.1
100,FedAdagrad,,0.1,0.1
1,FedAdam,1307.714327655261,0.1,0.1
2,FedAdam,3.265369867976708,0.1084,0.1084
3,FedAdam,2.311358159101462,0.1,0.1
4,FedAdam,2.312797310986096,0.1,0.1
5,FedAdam,2.306667949579939,0.1,0.1
6,FedAdam,2.310195041608207,0.1,0.1
7,FedAdam,2.312651259989678,0.1,0.1
8,FedAdam,2.3066326998457125,0.1,0.1
9,FedAdam,2.306819004348562,0.1,0.1
10,FedAdam,2.309374555756774,0.1,0.1
11,FedAdam,2.3041359744494474,0.1,0.1
12,FedAdam,2.3049186181418504,0.1,0.1
13,FedAdam,2.3081487703926955,0.1,0.1
14,FedAdam,2.3255324937120267,0.1,0.1
15,FedAdam,2.329672040818613,0.1001,0.1001
16,FedAdam,2.305863537365877,0.1,0.1
17,FedAdam,2.308230421211146,0.1,0.1
18,FedAdam,2.3036780598797377,0.1,0.1
19,FedAdam,2.303454489647588,0.1,0.1
20,FedAdam,2.30332966695858,0.1,0.1
21,FedAdam,2.30321158034892,0.1,0.1
22,FedAdam,2.3034185940706275,0.1,0.1
23,FedAdam,2.3031101770038847,0.1,0.1
24,FedAdam,2.3031001302260385,0.1,0.1
25,FedAdam,2.303038585035107,0.1,0.1
26,FedAdam,2.3040077082718478,0.1,0.1
27,FedAdam,2.3034502524363845,0.1,0.1
28,FedAdam,2.3072121535675434,0.1,0.1
29,FedAdam,2.303897951222673,0.1,0.1
30,FedAdam,2.3036633533767508,0.1,0.1
31,FedAdam,2.3029369100739685,0.1,0.1
32,FedAdam,2.304116164581685,0.1,0.1
33,FedAdam,2.3027419711970074,0.1,0.1
34,FedAdam,2.3040059910544866,0.1,0.1
35,FedAdam,2.3030292323873014,0.1,0.1
36,FedAdam,2.303129923494556,0.1,0.1
37,FedAdam,2.30287437499324,0.1,0.1
38,FedAdam,2.304962979087347,0.1,0.1
39,FedAdam,2.3045500139646893,0.1,0.1
40,FedAdam,2.3029586091826237,0.1,0.1
41,FedAdam,2.302811547170712,0.1,0.1
42,FedAdam,2.303007693230352,0.1,0.1
43,FedAdam,2.3048812347122385,0.1,0.1
44,FedAdam,2.305900950975056,0.0999,0.0999
45,FedAdam,2.3033583315112924,0.1,0.1
46,FedAdam,2.310606476626819,0.1,0.1
47,FedAdam,2.3031828433652466,0.1,0.1
48,FedAdam,2.3034020556679256,0.1,0.1
49,FedAdam,2.3036306145824965,0.1,0.1
50,FedAdam,2.3031645485117465,0.1,0.1
51,FedAdam,2.303074420252933,0.1,0.1
52,FedAdam,2.3029910612709914,0.1,0.1
53,FedAdam,2.302882375596445,0.1,0.1
54,FedAdam,2.303159991397133,0.1,0.1
55,FedAdam,2.303217338610299,0.1,0.1
56,FedAdam,2.302704273899899,0.1,0.1
57,FedAdam,2.3033922292009184,0.1,0.1
58,FedAdam,2.303212374071532,0.1,0.1
59,FedAdam,2.303276149532463,0.1,0.1
60,FedAdam,2.3153257792509057,0.1,0.1
61,FedAdam,2.3037954493414,0.1,0.1
62,FedAdam,2.302770997904524,0.1,0.1
63,FedAdam,2.303848281691346,0.1,0.1
64,FedAdam,2.3039186393158344,0.1,0.1
65,FedAdam,2.3030894647670697,0.1,0.1
66,FedAdam,2.3032336868817294,0.1,0.1
67,FedAdam,2.303286528285545,0.1,0.1
68,FedAdam,2.302907137931148,0.1,0.1
69,FedAdam,2.3039664950551866,0.1,0.1
70,FedAdam,2.3040988716898085,0.1,0.1
71,FedAdam,2.3060085290594947,0.1,0.1
72,FedAdam,2.303049718277364,0.1,0.1
73,FedAdam,2.3028733669957027,0.1,0.1
74,FedAdam,2.302742964104761,0.1,0.1
75,FedAdam,2.3026608636107624,0.1001,0.1001
76,FedAdam,2.302687466899051,0.1,0.1
77,FedAdam,2.302624651148349,0.1,0.1
78,FedAdam,2.3026412287844886,0.1,0.1
79,FedAdam,2.302629169029525,0.1,0.1
80,FedAdam,2.3026063864744164,0.1,0.1
81,FedAdam,2.3153962123243117,0.1,0.1
82,FedAdam,2.3031408816953247,0.1,0.1
83,FedAdam,2.3026496519016315,0.1,0.1
84,FedAdam,2.3031885805009287,0.1,0.1
85,FedAdam,2.302789000016225,0.1,0.1
86,FedAdam,2.3028987691372254,0.1,0.1
87,FedAdam,2.3028391916540603,0.1,0.1
88,FedAdam,2.302575591244275,0.1,0.1
89,FedAdam,2.302650481839723,0.1,0.1
90,FedAdam,2.3026284899892686,0.1,0.1
91,FedAdam,2.3027039238169222,0.1,0.1
92,FedAdam,2.302657939210723,0.1,0.1
93,FedAdam,2.3026701015762137,0.1,0.1
94,FedAdam,2.3023885895934284,0.1,0.1
95,FedAdam,2.302701651295529,0.1,0.1
96,FedAdam,2.302653735197043,0.1,0.1
97,FedAdam,2.3026395960699158,0.1,0.1
98,FedAdam,2.302652229236651,0.1,0.1
99,FedAdam,2.3026184552832496,0.1,0.1
100,FedAdam,2.3026058462601675,0.1,0.1
1,FedYogi,2.2948431636713726,0.1198,0.1197999999999999
2,FedYogi,2.2639918900743314,0.1688,0.1688
3,FedYogi,2.202868881104868,0.1888,0.1888
4,FedYogi,2.2152918109410926,0.2166,0.2166
5,FedYogi,2.266262929650801,0.2677,0.2677
6,FedYogi,2.282856094686291,0.293,0.293
7,FedYogi,2.3362964557695998,0.3047,0.3047
8,FedYogi,2.268469569049304,0.3137,0.3137
9,FedYogi,2.0529189185251164,0.3235,0.3235
10,FedYogi,1.8875009274180927,0.3333,0.3333
11,FedYogi,1.8157823749735384,0.3382,0.3382
12,FedYogi,1.778320701816414,0.3495,0.3495
13,FedYogi,1.734314189681524,0.3692,0.3692
14,FedYogi,1.6944226086894167,0.3817,0.3817
15,FedYogi,1.6613559783259524,0.3883,0.3883
16,FedYogi,1.6336214497119566,0.4003,0.4002999999999999
17,FedYogi,1.5885386708416516,0.4226,0.4226
18,FedYogi,1.5487566673302953,0.433,0.433
19,FedYogi,1.5236944669409642,0.4469,0.4469000000000001
20,FedYogi,1.5019804676876791,0.4536,0.4536
21,FedYogi,1.4837863203845447,0.4646,0.4646
22,FedYogi,1.471660882611818,0.471,0.471
23,FedYogi,1.453867018977298,0.4769,0.4769
24,FedYogi,1.4200446696221074,0.4852,0.4852000000000001
25,FedYogi,1.3961091101924077,0.4927,0.4927000000000001
26,FedYogi,1.385370156433009,0.4983,0.4983000000000001
27,FedYogi,1.3816859993753554,0.4995,0.4995
28,FedYogi,1.388137876232968,0.4945,0.4944999999999999
29,FedYogi,1.391268188440347,0.4969,0.4969
30,FedYogi,1.379058673411985,0.5047,0.5047000000000001
31,FedYogi,1.3580553184581707,0.5145,0.5145
32,FedYogi,1.3271219473850877,0.5248,0.5248
33,FedYogi,1.306205824960636,0.5344,0.5344
34,FedYogi,1.3044686423072331,0.5331,0.5331
35,FedYogi,1.3007512258577951,0.5316,0.5316
36,FedYogi,1.292590766013423,0.5353,0.5353
37,FedYogi,1.2756693302830564,0.5436,0.5436
38,FedYogi,1.2684421720384045,0.5486,0.5486
39,FedYogi,1.2597576447680026,0.5556,0.5556000000000001
40,FedYogi,1.2542259979851638,0.558,0.5579999999999999
41,FedYogi,1.2567332967927185,0.5528,0.5528
42,FedYogi,1.2497706843327872,0.5559,0.5559
43,FedYogi,1.247958697850191,0.5593,0.5593
44,FedYogi,1.239774849595903,0.5647,0.5647
45,FedYogi,1.2238142633739906,0.5695,0.5695
46,FedYogi,1.2196599916566775,0.5696,0.5696
47,FedYogi,1.2244022707395916,0.5687,0.5687
48,FedYogi,1.219318125821367,0.569,0.569
49,FedYogi,1.2164594908303852,0.569,0.569
50,FedYogi,1.2139741816098175,0.5692,0.5692
51,FedYogi,1.2167998627771306,0.5732,0.5732
52,FedYogi,1.215993894806391,0.5722,0.5722
53,FedYogi,1.222768419905554,0.5719,0.5719
54,FedYogi,1.2263214708883552,0.575,0.575
55,FedYogi,1.2113822351528118,0.5774,0.5774
56,FedYogi,1.20755341611331,0.5804,0.5804000000000001
57,FedYogi,1.2066098059280008,0.579,0.579
58,FedYogi,1.2110764527622655,0.5764,0.5764
59,FedYogi,1.2204087157792682,0.5743,0.5743
60,FedYogi,1.2077623371836506,0.5754,0.5754
61,FedYogi,1.209136306485043,0.5872,0.5872
62,FedYogi,1.2202818159815632,0.5883,0.5883
63,FedYogi,1.2306118456623223,0.5855,0.5855
64,FedYogi,1.2431244472914105,0.5807,0.5807000000000001
65,FedYogi,1.2381824783132047,0.5816,0.5815999999999999
66,FedYogi,1.2361402941655508,0.5792,0.5792
67,FedYogi,1.2412180576143386,0.575,0.575
68,FedYogi,1.252034670189966,0.5751,0.5751
69,FedYogi,1.2689282992218114,0.576,0.576
70,FedYogi,1.2559564958644818,0.5827,0.5827
71,FedYogi,1.2558463449719586,0.583,0.583
72,FedYogi,1.257040248641485,0.5825,0.5824999999999999
73,FedYogi,1.272473225865183,0.5828,0.5828
74,FedYogi,1.2916381615626662,0.5832,0.5832
75,FedYogi,1.28733614351176,0.581,0.581
76,FedYogi,1.2943636873100377,0.5785,0.5785
77,FedYogi,1.307950167716304,0.5767,0.5767
78,FedYogi,1.325131486488294,0.5738,0.5738
79,FedYogi,1.3167233436922483,0.5755,0.5755
80,FedYogi,1.3373031902916823,0.5735,0.5735
81,FedYogi,1.340639461444903,0.57,0.57
82,FedYogi,1.3391599262816996,0.5714,0.5714
83,FedYogi,1.351401977146728,0.5765,0.5765
84,FedYogi,1.3671972947784616,0.5737,0.5737
85,FedYogi,1.396825425232513,0.5713,0.5713
86,FedYogi,1.3914454254922988,0.5691,0.5691
87,FedYogi,1.3919459113591834,0.5696,0.5696
88,FedYogi,1.387245129935349,0.5668,0.5668
89,FedYogi,1.390860534166988,0.5682,0.5682
90,FedYogi,1.413659147069424,0.5692,0.5692
91,FedYogi,1.4385463753833043,0.5697,0.5697
92,FedYogi,1.454131985766978,0.5678,0.5678
93,FedYogi,1.4739581414415863,0.5644,0.5644
94,FedYogi,1.4911858824234974,0.5638,0.5638
95,FedYogi,1.4832373917857302,0.5656,0.5656
96,FedYogi,1.4681395986412145,0.5672,0.5672000000000001
97,FedYogi,1.4687976957876472,0.5615,0.5615
98,FedYogi,1.473959142648721,0.5586,0.5586
99,FedYogi,1.4881276571297948,0.5591,0.5591
100,FedYogi,1.5058723537227776,0.5602,0.5602
1,Central,2.305295038826858,0.1026,0.0
2,Central,2.305295038826858,0.1026,0.0
3,Central,2.305295038826858,0.1026,0.0
4,Central,2.305295038826858,0.1026,0.0
5,Central,2.305295038826858,0.1026,0.0
6,Central,2.305295038826858,0.1026,0.0
7,Central,2.305295038826858,0.1026,0.0
8,Central,2.305295038826858,0.1026,0.0
9,Central,2.305295038826858,0.1026,0.0
10,Central,2.305295038826858,0.1026,0.0
11,Central,2.305295038826858,0.1026,0.0
12,Central,2.305295038826858,0.1026,0.0
13,Central,2.305295038826858,0.1026,0.0
14,Central,2.305295038826858,0.1026,0.0
15,Central,2.305295038826858,0.1026,0.0
16,Central,2.305295038826858,0.1026,0.0
17,Central,2.305295038826858,0.1026,0.0
18,Central,2.305295038826858,0.1026,0.0
19,Central,2.305295038826858,0.1026,0.0
20,Central,2.305295038826858,0.1026,0.0
21,Central,2.305295038826858,0.1026,0.0
22,Central,2.305295038826858,0.1026,0.0
23,Central,2.305295038826858,0.1026,0.0
24,Central,2.305295038826858,0.1026,0.0
25,Central,2.305295038826858,0.1026,0.0
26,Central,2.305295038826858,0.1026,0.0
27,Central,2.305295038826858,0.1026,0.0
28,Central,2.305295038826858,0.1026,0.0
29,Central,2.305295038826858,0.1026,0.0
30,Central,2.305295038826858,0.1026,0.0
31,Central,2.305295038826858,0.1026,0.0
32,Central,2.305295038826858,0.1026,0.0
33,Central,2.305295038826858,0.1026,0.0
34,Central,2.305295038826858,0.1026,0.0
35,Central,2.305295038826858,0.1026,0.0
36,Central,2.305295038826858,0.1026,0.0
37,Central,2.305295038826858,0.1026,0.0
38,Central,2.305295038826858,0.1026,0.0
39,Central,2.305295038826858,0.1026,0.0
40,Central,2.305295038826858,0.1026,0.0
41,Central,2.305295038826858,0.1026,0.0
42,Central,2.305295038826858,0.1026,0.0
43,Central,2.305295038826858,0.1026,0.0
44,Central,2.305295038826858,0.1026,0.0
45,Central,2.305295038826858,0.1026,0.0
46,Central,2.305295038826858,0.1026,0.0
47,Central,2.305295038826858,0.1026,0.0
48,Central,2.305295038826858,0.1026,0.0
49,Central,2.305295038826858,0.1026,0.0
50,Central,2.305295038826858,0.1026,0.0
51,Central,2.305295038826858,0.1026,0.0
52,Central,2.305295038826858,0.1026,0.0
53,Central,2.305295038826858,0.1026,0.0
54,Central,2.305295038826858,0.1026,0.0
55,Central,2.305295038826858,0.1026,0.0
56,Central,2.305295038826858,0.1026,0.0
57,Central,2.305295038826858,0.1026,0.0
58,Central,2.305295038826858,0.1026,0.0
59,Central,2.305295038826858,0.1026,0.0
60,Central,2.305295038826858,0.1026,0.0
61,Central,2.305295038826858,0.1026,0.0
62,Central,2.305295038826858,0.1026,0.0
63,Central,2.305295038826858,0.1026,0.0
64,Central,2.305295038826858,0.1026,0.0
65,Central,2.305295038826858,0.1026,0.0
66,Central,2.305295038826858,0.1026,0.0
67,Central,2.305295038826858,0.1026,0.0
68,Central,2.305295038826858,0.1026,0.0
69,Central,2.305295038826858,0.1026,0.0
70,Central,2.305295038826858,0.1026,0.0
71,Central,2.305295038826858,0.1026,0.0
72,Central,2.305295038826858,0.1026,0.0
73,Central,2.305295038826858,0.1026,0.0
74,Central,2.305295038826858,0.1026,0.0
75,Central,2.305295038826858,0.1026,0.0
76,Central,2.305295038826858,0.1026,0.0
77,Central,2.305295038826858,0.1026,0.0
78,Central,2.305295038826858,0.1026,0.0
79,Central,2.305295038826858,0.1026,0.0
80,Central,2.305295038826858,0.1026,0.0
81,Central,2.305295038826858,0.1026,0.0
82,Central,2.305295038826858,0.1026,0.0
83,Central,2.305295038826858,0.1026,0.0
84,Central,2.305295038826858,0.1026,0.0
85,Central,2.305295038826858,0.1026,0.0
86,Central,2.305295038826858,0.1026,0.0
87,Central,2.305295038826858,0.1026,0.0
88,Central,2.305295038826858,0.1026,0.0
89,Central,2.305295038826858,0.1026,0.0
90,Central,2.305295038826858,0.1026,0.0
91,Central,2.305295038826858,0.1026,0.0
92,Central,2.305295038826858,0.1026,0.0
93,Central,2.305295038826858,0.1026,0.0
94,Central,2.305295038826858,0.1026,0.0
95,Central,2.305295038826858,0.1026,0.0
96,Central,2.305295038826858,0.1026,0.0
97,Central,2.305295038826858,0.1026,0.0
98,Central,2.305295038826858,0.1026,0.0
99,Central,2.305295038826858,0.1026,0.0
100,Central,2.305295038826858,0.1026,0.0
